ra,dec,period,Vmag,e_Vmag,Icmag,e_Icmag,E(B-V),source,main category,class,V-Ic,e_V-Ic,bmag,e_bmag,rmag,e_rmag,imag,e_imag,period_fo,vamp,e_vamp,bamp,err_ampb,ramp,e_ramp,iamp,e_iamp,vamp_sec,e_vamp_sec,bamp_sec,e_bamp_sec,gmag,bpmag,rpmag,bp-rp
39.86,-34.6742,0.37206,21.321,0.028,20.799,0.042,0.025,Bersier Wood,RRLyrae,,,,,,,,,,,,,,,,,,,,,,,,,,
39.4575,-34.4075,0.54365,21.389,0.027,20.755,0.036,0.028,Bersier Wood,RRLyrae,,,,,,,,,,,,,,,,,,,,,,,,,,
39.4617,-34.46,0.58252,21.346,0.021,20.744,0.035,0.03,Bersier Wood,RRLyrae,,,,,,,,,,,,,,,,,,,,,,,,,,
39.4662,-34.4389,0.58052,21.419,0.023,20.887,0.033,0.029,Bersier Wood,RRLyrae,,,,,,,,,,,,,,,,,,,,,,,,,,
39.47,-34.7708,0.16459,21.469,0.029,20.56,0.033,0.034,Bersier Wood,RRLyrae,,,,,,,,,,,,,,,,,,,,,,,,,,
39.4725,-34.8708,0.5926,21.344,0.026,20.781,0.035,0.035,Bersier Wood,RRLyrae,,,,,,,,,,,,,,,,,,,,,,,,,,
39.4792,-34.6239,0.40322,21.401,0.026,20.911,0.035,0.035,Bersier Wood,RRLyrae,,,,,,,,,,,,,,,,,,,,,,,,,,
39.4833,-34.4589,0.33797,21.468,0.02,21.101,0.036,0.03,Bersier Wood,RRLyrae,,,,,,,,,,,,,,,,,,,,,,,,,,
39.4837,-34.7256,0.51202,21.544,0.022,20.849,0.036,0.034,Bersier Wood,RRLyrae,,,,,,,,,,,,,,,,,,,,,,,,,,
39.4858,-34.5853,0.54362,21.392,0.022,20.766,0.031,0.035,Bersier Wood,RRLyrae,,,,,,,,,,,,,,,,,,,,,,,,,,
39.4875,-34.3669,0.56046,21.455,0.021,20.838,0.032,0.028,Bersier Wood,RRLyrae,,,,,,,,,,,,,,,,,,,,,,,,,,
39.4875,-34.7111,0.56818,21.474,0.024,21.015,0.04,0.035,Bersier Wood,RRLyrae,,,,,,,,,,,,,,,,,,,,,,,,,,
39.49,-34.5456,0.5917,21.359,0.022,20.95,0.035,0.034,Bersier Wood,RRLyrae,,,,,,,,,,,,,,,,,,,,,,,,,,
39.4937,-34.7678,0.58916,21.343,0.023,20.715,0.034,0.034,Bersier Wood,RRLyrae,,,,,,,,,,,,,,,,,,,,,,,,,,
39.495,-34.7908,0.3467,21.348,0.021,20.786,0.033,0.034,Bersier Wood,RRLyrae,,,,,,,,,,,,,,,,,,,,,,,,,,
39.4962,-34.8211,0.61108,21.4,0.021,20.728,0.032,0.034,Bersier Wood,RRLyrae,,,,,,,,,,,,,,,,,,,,,,,,,,
39.4983,-34.5958,0.41234,21.282,0.022,20.719,0.031,0.035,Bersier Wood,RRLyrae,,,,,,,,,,,,,,,,,,,,,,,,,,
39.4983,-34.7861,0.55731,21.321,0.021,20.794,0.034,0.034,Bersier Wood,RRLyrae,,,,,,,,,,,,,,,,,,,,,,,,,,
39.5004,-34.3683,0.61252,21.347,0.022,20.741,0.031,0.028,Bersier Wood,RRLyrae,,,,,,,,,,,,,,,,,,,,,,,,,,
39.5004,-34.5911,0.37461,21.504,0.023,20.763,0.035,0.035,Bersier Wood,RRLyrae,,,,,,,,,,,,,,,,,,,,,,,,,,
39.5012,-34.4083,0.60619,21.395,0.021,20.814,0.033,0.029,Bersier Wood,RRLyrae,,,,,,,,,,,,,,,,,,,,,,,,,,
39.5017,-34.5044,0.37532,21.387,0.021,20.808,0.031,0.032,Bersier Wood,RRLyrae,,,,,,,,,,,,,,,,,,,,,,,,,,
39.5046,-34.6128,0.56237,21.589,0.024,20.925,0.035,0.035,Bersier Wood,RRLyrae,,,,,,,,,,,,,,,,,,,,,,,,,,
39.5058,-34.8467,0.67512,21.182,0.02,20.343,0.029,0.034,Bersier Wood,RRLyrae,,,,,,,,,,,,,,,,,,,,,,,,,,
39.5067,-34.4886,0.56304,21.46,0.022,20.791,0.033,0.032,Bersier Wood,RRLyrae,,,,,,,,,,,,,,,,,,,,,,,,,,
39.5087,-34.7394,0.56136,21.398,0.024,20.878,0.038,0.034,Bersier Wood,RRLyrae,,,,,,,,,,,,,,,,,,,,,,,,,,
39.5117,-34.4919,0.57273,21.344,0.026,20.836,0.056,0.032,Bersier Wood,RRLyrae,,,,,,,,,,,,,,,,,,,,,,,,,,
39.5179,-34.7425,0.62225,21.43,0.023,20.876,0.035,0.035,Bersier Wood,RRLyrae,,,,,,,,,,,,,,,,,,,,,,,,,,
39.5192,-34.3522,0.60205,21.424,0.022,20.802,0.033,0.029,Bersier Wood,RRLyrae,,,,,,,,,,,,,,,,,,,,,,,,,,
39.5196,-34.6997,0.53559,21.399,0.024,20.782,0.034,0.035,Bersier Wood,RRLyrae,,,,,,,,,,,,,,,,,,,,,,,,,,
39.5271,-34.3311,0.56235,21.36,0.019,20.749,0.03,0.028,Bersier Wood,RRLyrae,,,,,,,,,,,,,,,,,,,,,,,,,,
39.5271,-34.7306,0.6256,21.363,0.023,20.778,0.035,0.035,Bersier Wood,RRLyrae,,,,,,,,,,,,,,,,,,,,,,,,,,
39.5287,-34.7708,0.56588,21.346,0.023,20.718,0.034,0.034,Bersier Wood,RRLyrae,,,,,,,,,,,,,,,,,,,,,,,,,,
39.53,-34.4225,0.59151,21.336,0.019,20.557,0.027,0.029,Bersier Wood,RRLyrae,,,,,,,,,,,,,,,,,,,,,,,,,,
39.53,-34.8122,0.28775,21.272,0.023,20.821,0.035,0.034,Bersier Wood,RRLyrae,,,,,,,,,,,,,,,,,,,,,,,,,,
39.5346,-34.6797,0.64647,21.396,0.026,20.811,0.038,0.036,Bersier Wood,RRLyrae,,,,,,,,,,,,,,,,,,,,,,,,,,
39.5367,-34.7525,0.53501,21.304,0.02,20.846,0.035,0.034,Bersier Wood,RRLyrae,,,,,,,,,,,,,,,,,,,,,,,,,,
39.5421,-34.4378,0.59144,21.463,0.022,20.796,0.034,0.029,Bersier Wood,RRLyrae,,,,,,,,,,,,,,,,,,,,,,,,,,
39.5446,-34.5669,0.58577,21.466,0.021,20.774,0.033,0.035,Bersier Wood,RRLyrae,,,,,,,,,,,,,,,,,,,,,,,,,,
39.5458,-34.925,0.28936,21.324,0.022,20.797,0.034,0.033,Bersier Wood,RRLyrae,,,,,,,,,,,,,,,,,,,,,,,,,,
39.5537,-34.7442,0.5428,21.362,0.024,20.906,0.036,0.035,Bersier Wood,RRLyrae,,,,,,,,,,,,,,,,,,,,,,,,,,
39.5537,-34.8531,0.58726,21.369,0.022,20.787,0.035,0.033,Bersier Wood,RRLyrae,,,,,,,,,,,,,,,,,,,,,,,,,,
39.5562,-34.9736,0.39833,21.309,0.024,20.779,0.032,0.033,Bersier Wood,RRLyrae,,,,,,,,,,,,,,,,,,,,,,,,,,
39.5679,-34.9236,0.73723,21.427,0.025,20.785,0.032,0.033,Bersier Wood,RRLyrae,,,,,,,,,,,,,,,,,,,,,,,,,,
39.57,-34.9467,0.65953,21.21,0.019,20.655,0.029,0.033,Bersier Wood,RRLyrae,,,,,,,,,,,,,,,,,,,,,,,,,,
39.575,-34.9644,0.59404,21.406,0.022,20.78,0.034,0.033,Bersier Wood,RRLyrae,,,,,,,,,,,,,,,,,,,,,,,,,,
39.5762,-34.7208,0.2838,21.195,0.02,20.642,0.029,0.035,Bersier Wood,RRLyrae,,,,,,,,,,,,,,,,,,,,,,,,,,
39.5812,-34.4294,0.54797,21.404,0.026,20.754,0.054,0.029,Bersier Wood,RRLyrae,,,,,,,,,,,,,,,,,,,,,,,,,,
39.5817,-34.4108,0.61665,21.386,0.022,20.84,0.035,0.029,Bersier Wood,RRLyrae,,,,,,,,,,,,,,,,,,,,,,,,,,
39.5829,-34.6339,0.55108,21.493,0.024,20.893,0.032,0.036,Bersier Wood,RRLyrae,,,,,,,,,,,,,,,,,,,,,,,,,,
39.5829,-34.9383,0.55445,21.507,0.025,20.943,0.038,0.033,Bersier Wood,RRLyrae,,,,,,,,,,,,,,,,,,,,,,,,,,
39.5858,-34.8992,0.61515,21.243,0.021,20.728,0.032,0.032,Bersier Wood,RRLyrae,,,,,,,,,,,,,,,,,,,,,,,,,,
39.59,-34.7569,0.62817,21.173,0.019,20.781,0.032,0.034,Bersier Wood,RRLyrae,,,,,,,,,,,,,,,,,,,,,,,,,,
39.5904,-34.8658,0.61012,21.3,0.021,20.787,0.032,0.032,Bersier Wood,RRLyrae,,,,,,,,,,,,,,,,,,,,,,,,,,
39.5925,-34.8142,0.28982,21.331,0.022,20.776,0.033,0.033,Bersier Wood,RRLyrae,,,,,,,,,,,,,,,,,,,,,,,,,,
39.5992,-34.8569,0.5739,21.409,0.022,21.021,0.038,0.032,Bersier Wood,RRLyrae,,,,,,,,,,,,,,,,,,,,,,,,,,
39.6025,-34.5597,0.57956,21.513,0.022,20.969,0.037,0.034,Bersier Wood,RRLyrae,,,,,,,,,,,,,,,,,,,,,,,,,,
39.6062,-34.5469,0.31617,21.473,0.022,21.077,0.039,0.032,Bersier Wood,RRLyrae,,,,,,,,,,,,,,,,,,,,,,,,,,
39.6112,-34.54,0.53789,21.377,0.021,20.897,0.033,0.032,Bersier Wood,RRLyrae,,,,,,,,,,,,,,,,,,,,,,,,,,
39.6125,-34.4897,0.42953,21.455,0.024,21.102,0.038,0.031,Bersier Wood,RRLyrae,,,,,,,,,,,,,,,,,,,,,,,,,,
39.6146,-34.8656,0.62625,21.347,0.022,20.742,0.034,0.032,Bersier Wood,RRLyrae,,,,,,,,,,,,,,,,,,,,,,,,,,
39.6167,-34.5081,0.59722,21.452,0.021,20.644,0.031,0.03,Bersier Wood,RRLyrae,,,,,,,,,,,,,,,,,,,,,,,,,,
39.6167,-34.5392,0.4265,21.202,0.02,20.478,0.028,0.031,Bersier Wood,RRLyrae,,,,,,,,,,,,,,,,,,,,,,,,,,
39.6192,-34.3389,0.5352,21.534,0.021,20.858,0.034,0.029,Bersier Wood,RRLyrae,,,,,,,,,,,,,,,,,,,,,,,,,,
39.6192,-34.9044,0.62845,21.344,0.02,20.832,0.033,0.031,Bersier Wood,RRLyrae,,,,,,,,,,,,,,,,,,,,,,,,,,
39.62,-34.3897,0.60243,21.293,0.02,20.768,0.031,0.029,Bersier Wood,RRLyrae,,,,,,,,,,,,,,,,,,,,,,,,,,
39.6229,-34.5528,0.51869,21.597,0.026,21.168,0.037,0.032,Bersier Wood,RRLyrae,,,,,,,,,,,,,,,,,,,,,,,,,,
39.625,-34.9442,0.59166,21.43,0.023,20.781,0.035,0.032,Bersier Wood,RRLyrae,,,,,,,,,,,,,,,,,,,,,,,,,,
39.6254,-34.7189,0.57691,21.468,0.033,20.886,0.066,0.034,Bersier Wood,RRLyrae,,,,,,,,,,,,,,,,,,,,,,,,,,
39.6304,-34.4706,0.53505,25.299,0.021,17.621,0.029,0.029,Bersier Wood,RRLyrae,,,,,,,,,,,,,,,,,,,,,,,,,,
39.6317,-34.3561,0.57582,21.441,0.022,20.68,0.03,0.03,Bersier Wood,RRLyrae,,,,,,,,,,,,,,,,,,,,,,,,,,
39.6329,-34.5208,0.59493,21.518,0.024,20.963,0.033,0.031,Bersier Wood,RRLyrae,,,,,,,,,,,,,,,,,,,,,,,,,,
39.6337,-34.7331,0.65407,21.223,0.02,20.622,0.03,0.034,Bersier Wood,RRLyrae,,,,,,,,,,,,,,,,,,,,,,,,,,
39.635,-34.6842,0.58765,21.375,0.023,20.682,0.037,0.034,Bersier Wood,RRLyrae,,,,,,,,,,,,,,,,,,,,,,,,,,
39.6354,-34.8814,0.6023,21.401,0.023,20.823,0.034,0.031,Bersier Wood,RRLyrae,,,,,,,,,,,,,,,,,,,,,,,,,,
39.6375,-34.7356,0.54458,21.497,0.026,20.864,0.042,0.034,Bersier Wood,RRLyrae,,,,,,,,,,,,,,,,,,,,,,,,,,
39.6417,-34.5358,0.57019,21.138,0.017,20.507,0.028,0.031,Bersier Wood,RRLyrae,,,,,,,,,,,,,,,,,,,,,,,,,,
39.6421,-34.3636,0.63237,21.46,0.023,20.898,0.036,0.03,Bersier Wood,RRLyrae,,,,,,,,,,,,,,,,,,,,,,,,,,
39.6421,-34.4508,0.62728,21.134,0.017,20.565,0.027,0.029,Bersier Wood,RRLyrae,,,,,,,,,,,,,,,,,,,,,,,,,,
39.6429,-34.5158,0.54025,21.657,0.023,21.153,0.04,0.03,Bersier Wood,RRLyrae,,,,,,,,,,,,,,,,,,,,,,,,,,
39.6462,-34.5064,0.57872,21.236,0.019,20.761,0.03,0.03,Bersier Wood,RRLyrae,,,,,,,,,,,,,,,,,,,,,,,,,,
39.6467,-34.5803,0.59263,21.452,0.025,20.913,0.035,0.032,Bersier Wood,RRLyrae,,,,,,,,,,,,,,,,,,,,,,,,,,
39.6479,-34.8517,0.61778,21.631,0.025,21.213,0.04,0.031,Bersier Wood,RRLyrae,,,,,,,,,,,,,,,,,,,,,,,,,,
39.65,-34.9553,0.57217,21.456,0.026,20.711,0.035,0.033,Bersier Wood,RRLyrae,,,,,,,,,,,,,,,,,,,,,,,,,,
39.6508,-34.4728,0.38064,21.316,0.019,20.532,0.028,0.029,Bersier Wood,RRLyrae,,,,,,,,,,,,,,,,,,,,,,,,,,
39.6533,-34.58,0.67041,21.492,0.024,20.817,0.033,0.03,Bersier Wood,RRLyrae,,,,,,,,,,,,,,,,,,,,,,,,,,
39.6542,-34.465,0.57242,21.252,0.019,20.716,0.031,0.029,Bersier Wood,RRLyrae,,,,,,,,,,,,,,,,,,,,,,,,,,
39.6546,-34.9075,0.42006,21.37,0.022,20.951,0.036,0.031,Bersier Wood,RRLyrae,,,,,,,,,,,,,,,,,,,,,,,,,,
39.6579,-34.6128,0.57846,21.235,0.027,20.704,0.051,0.031,Bersier Wood,RRLyrae,,,,,,,,,,,,,,,,,,,,,,,,,,
39.6583,-34.5778,0.65021,21.258,0.023,20.732,0.054,0.03,Bersier Wood,RRLyrae,,,,,,,,,,,,,,,,,,,,,,,,,,
39.6604,-34.7436,0.59212,21.31,0.026,20.737,0.058,0.032,Bersier Wood,RRLyrae,,,,,,,,,,,,,,,,,,,,,,,,,,
39.6662,-34.6961,0.51895,21.547,0.025,20.849,0.037,0.032,Bersier Wood,RRLyrae,,,,,,,,,,,,,,,,,,,,,,,,,,
39.6692,-34.5236,0.61536,21.451,0.023,20.806,0.033,0.03,Bersier Wood,RRLyrae,,,,,,,,,,,,,,,,,,,,,,,,,,
39.67,-34.3294,0.58545,21.342,0.021,20.781,0.033,0.029,Bersier Wood,RRLyrae,,,,,,,,,,,,,,,,,,,,,,,,,,
39.6704,-34.4533,0.43118,21.516,0.026,21.068,0.039,0.029,Bersier Wood,RRLyrae,,,,,,,,,,,,,,,,,,,,,,,,,,
39.6704,-34.5481,0.54646,21.431,0.022,20.724,0.033,0.03,Bersier Wood,RRLyrae,,,,,,,,,,,,,,,,,,,,,,,,,,
39.6742,-34.4808,0.60536,21.116,0.02,20.416,0.026,0.029,Bersier Wood,RRLyrae,,,,,,,,,,,,,,,,,,,,,,,,,,
39.6767,-34.4642,0.42941,21.074,0.018,20.645,0.029,0.029,Bersier Wood,RRLyrae,,,,,,,,,,,,,,,,,,,,,,,,,,
39.6767,-34.5003,0.61299,21.222,0.019,20.629,0.028,0.029,Bersier Wood,RRLyrae,,,,,,,,,,,,,,,,,,,,,,,,,,
39.6842,-34.5225,0.61419,21.558,0.026,20.905,0.037,0.028,Bersier Wood,RRLyrae,,,,,,,,,,,,,,,,,,,,,,,,,,
39.6842,-34.8164,0.5801,21.45,0.023,20.918,0.038,0.03,Bersier Wood,RRLyrae,,,,,,,,,,,,,,,,,,,,,,,,,,
39.6867,-34.8961,0.58178,21.423,0.021,20.781,0.036,0.031,Bersier Wood,RRLyrae,,,,,,,,,,,,,,,,,,,,,,,,,,
39.6879,-34.6175,0.55119,21.335,0.02,20.761,0.033,0.029,Bersier Wood,RRLyrae,,,,,,,,,,,,,,,,,,,,,,,,,,
39.6883,-34.8014,0.60228,21.528,0.029,20.985,0.047,0.03,Bersier Wood,RRLyrae,,,,,,,,,,,,,,,,,,,,,,,,,,
39.69,-34.4489,0.69429,20.981,0.022,20.398,0.046,0.029,Bersier Wood,RRLyrae,,,,,,,,,,,,,,,,,,,,,,,,,,
39.6908,-34.4081,0.58699,21.32,0.028,20.786,0.058,0.029,Bersier Wood,RRLyrae,,,,,,,,,,,,,,,,,,,,,,,,,,
39.6908,-34.615,0.69761,21.196,0.019,20.672,0.029,0.029,Bersier Wood,RRLyrae,,,,,,,,,,,,,,,,,,,,,,,,,,
39.6917,-34.81,0.59811,21.222,0.028,20.712,0.037,0.03,Bersier Wood,RRLyrae,,,,,,,,,,,,,,,,,,,,,,,,,,
39.6933,-34.3528,0.5976,21.241,0.019,20.666,0.029,0.029,Bersier Wood,RRLyrae,,,,,,,,,,,,,,,,,,,,,,,,,,
39.6942,-34.3297,0.56402,21.437,0.021,20.95,0.035,0.028,Bersier Wood,RRLyrae,,,,,,,,,,,,,,,,,,,,,,,,,,
39.6942,-34.5006,0.6702,21.3,0.022,20.626,0.03,0.028,Bersier Wood,RRLyrae,,,,,,,,,,,,,,,,,,,,,,,,,,
39.6954,-34.8167,0.34528,21.416,0.024,20.907,0.037,0.03,Bersier Wood,RRLyrae,,,,,,,,,,,,,,,,,,,,,,,,,,
39.6954,-34.9617,0.30521,21.448,0.024,20.965,0.034,0.033,Bersier Wood,RRLyrae,,,,,,,,,,,,,,,,,,,,,,,,,,
39.7054,-34.9464,0.63381,21.258,0.023,20.766,0.035,0.032,Bersier Wood,RRLyrae,,,,,,,,,,,,,,,,,,,,,,,,,,
39.7058,-34.8356,0.61115,21.312,0.022,20.716,0.032,0.03,Bersier Wood,RRLyrae,,,,,,,,,,,,,,,,,,,,,,,,,,
39.7062,-34.7567,0.61238,21.185,0.021,20.735,0.031,0.03,Bersier Wood,RRLyrae,,,,,,,,,,,,,,,,,,,,,,,,,,
39.7079,-34.775,0.56221,21.031,0.02,20.544,0.026,0.03,Bersier Wood,RRLyrae,,,,,,,,,,,,,,,,,,,,,,,,,,
39.7092,-34.7494,0.56878,21.317,0.025,20.9,0.034,0.03,Bersier Wood,RRLyrae,,,,,,,,,,,,,,,,,,,,,,,,,,
39.7117,-34.7575,0.33956,21.377,0.026,21.06,0.036,0.03,Bersier Wood,RRLyrae,,,,,,,,,,,,,,,,,,,,,,,,,,
39.7125,-34.7053,0.65572,21.195,0.022,20.762,0.031,0.03,Bersier Wood,RRLyrae,,,,,,,,,,,,,,,,,,,,,,,,,,
39.7133,-34.3881,0.58039,21.348,0.021,20.787,0.033,0.029,Bersier Wood,RRLyrae,,,,,,,,,,,,,,,,,,,,,,,,,,
39.7162,-34.4861,0.57947,21.417,0.023,20.938,0.038,0.028,Bersier Wood,RRLyrae,,,,,,,,,,,,,,,,,,,,,,,,,,
39.7171,-34.3822,0.37876,21.283,0.023,20.824,0.034,0.028,Bersier Wood,RRLyrae,,,,,,,,,,,,,,,,,,,,,,,,,,
39.7179,-34.5269,0.60354,21.41,0.023,20.794,0.036,0.027,Bersier Wood,RRLyrae,,,,,,,,,,,,,,,,,,,,,,,,,,
39.7192,-34.6286,0.56191,21.164,0.02,20.789,0.034,0.028,Bersier Wood,RRLyrae,,,,,,,,,,,,,,,,,,,,,,,,,,
39.7196,-34.6003,0.52441,21.307,0.023,20.804,0.053,0.027,Bersier Wood,RRLyrae,,,,,,,,,,,,,,,,,,,,,,,,,,
39.7233,-34.9217,0.2279,21.302,0.022,20.822,0.033,0.032,Bersier Wood,RRLyrae,,,,,,,,,,,,,,,,,,,,,,,,,,
39.7246,-34.7081,0.5534,21.623,0.028,21.052,0.039,0.028,Bersier Wood,RRLyrae,,,,,,,,,,,,,,,,,,,,,,,,,,
39.725,-34.54,0.60498,25.482,0.021,17.969,0.034,0.027,Bersier Wood,RRLyrae,,,,,,,,,,,,,,,,,,,,,,,,,,
39.7275,-34.5906,0.59457,21.1,0.018,20.58,0.027,0.027,Bersier Wood,RRLyrae,,,,,,,,,,,,,,,,,,,,,,,,,,
39.7292,-34.7978,0.55759,21.373,0.022,20.901,0.036,0.029,Bersier Wood,RRLyrae,,,,,,,,,,,,,,,,,,,,,,,,,,
39.7296,-34.62,0.63614,21.074,0.019,20.563,0.028,0.028,Bersier Wood,RRLyrae,,,,,,,,,,,,,,,,,,,,,,,,,,
39.7308,-34.3953,0.3807,21.366,0.024,20.757,0.032,0.029,Bersier Wood,RRLyrae,,,,,,,,,,,,,,,,,,,,,,,,,,
39.7342,-34.8339,0.31784,21.456,0.025,20.729,0.034,0.029,Bersier Wood,RRLyrae,,,,,,,,,,,,,,,,,,,,,,,,,,
39.735,-34.5494,0.57788,21.462,0.024,20.79,0.035,0.027,Bersier Wood,RRLyrae,,,,,,,,,,,,,,,,,,,,,,,,,,
39.74,-34.4528,0.59402,21.335,0.029,20.793,0.06,0.028,Bersier Wood,RRLyrae,,,,,,,,,,,,,,,,,,,,,,,,,,
39.7425,-34.3867,0.32749,21.394,0.022,20.891,0.033,0.029,Bersier Wood,RRLyrae,,,,,,,,,,,,,,,,,,,,,,,,,,
39.7425,-34.5692,0.57495,21.127,0.019,20.534,0.028,0.027,Bersier Wood,RRLyrae,,,,,,,,,,,,,,,,,,,,,,,,,,
39.7425,-34.6933,0.60569,21.302,0.03,20.824,0.065,0.028,Bersier Wood,RRLyrae,,,,,,,,,,,,,,,,,,,,,,,,,,
39.7458,-34.3356,0.66388,20.993,0.017,20.459,0.025,0.028,Bersier Wood,RRLyrae,,,,,,,,,,,,,,,,,,,,,,,,,,
39.7458,-34.7711,0.62594,21.253,0.02,20.632,0.03,0.029,Bersier Wood,RRLyrae,,,,,,,,,,,,,,,,,,,,,,,,,,
39.7471,-34.6217,0.63663,21.564,0.025,20.891,0.04,0.028,Bersier Wood,RRLyrae,,,,,,,,,,,,,,,,,,,,,,,,,,
39.7483,-34.3961,0.35786,21.446,0.022,20.63,0.033,0.029,Bersier Wood,RRLyrae,,,,,,,,,,,,,,,,,,,,,,,,,,
39.7504,-34.7022,0.26929,21.352,0.024,20.772,0.033,0.027,Bersier Wood,RRLyrae,,,,,,,,,,,,,,,,,,,,,,,,,,
39.7508,-34.7764,0.36242,21.252,0.021,20.575,0.03,0.028,Bersier Wood,RRLyrae,,,,,,,,,,,,,,,,,,,,,,,,,,
39.7512,-34.8967,0.57616,21.297,0.023,20.716,0.034,0.03,Bersier Wood,RRLyrae,,,,,,,,,,,,,,,,,,,,,,,,,,
39.7517,-34.6175,0.53486,21.299,0.022,20.784,0.033,0.027,Bersier Wood,RRLyrae,,,,,,,,,,,,,,,,,,,,,,,,,,
39.7521,-34.5153,0.67308,21.224,0.019,20.466,0.028,0.027,Bersier Wood,RRLyrae,,,,,,,,,,,,,,,,,,,,,,,,,,
39.76,-34.4403,0.5188,21.31,0.019,20.479,0.028,0.028,Bersier Wood,RRLyrae,,,,,,,,,,,,,,,,,,,,,,,,,,
39.7633,-34.3419,0.5357,21.517,0.023,20.961,0.036,0.027,Bersier Wood,RRLyrae,,,,,,,,,,,,,,,,,,,,,,,,,,
39.7654,-34.4022,0.56593,21.411,0.023,20.98,0.039,0.028,Bersier Wood,RRLyrae,,,,,,,,,,,,,,,,,,,,,,,,,,
39.7671,-34.7253,0.27588,21.215,0.021,20.673,0.031,0.028,Bersier Wood,RRLyrae,,,,,,,,,,,,,,,,,,,,,,,,,,
39.7675,-34.4611,0.58253,21.37,0.022,20.844,0.034,0.027,Bersier Wood,RRLyrae,,,,,,,,,,,,,,,,,,,,,,,,,,
39.7692,-34.9214,0.57056,21.458,0.024,20.856,0.036,0.031,Bersier Wood,RRLyrae,,,,,,,,,,,,,,,,,,,,,,,,,,
39.77,-34.6833,0.56761,21.408,0.024,20.864,0.038,0.027,Bersier Wood,RRLyrae,,,,,,,,,,,,,,,,,,,,,,,,,,
39.7704,-34.8267,0.61422,21.448,0.025,20.843,0.036,0.029,Bersier Wood,RRLyrae,,,,,,,,,,,,,,,,,,,,,,,,,,
39.7708,-34.87,0.56298,21.419,0.025,20.942,0.037,0.029,Bersier Wood,RRLyrae,,,,,,,,,,,,,,,,,,,,,,,,,,
39.7733,-34.5844,0.58704,21.25,0.022,20.551,0.029,0.026,Bersier Wood,RRLyrae,,,,,,,,,,,,,,,,,,,,,,,,,,
39.7746,-34.9842,0.44421,21.311,0.022,20.753,0.034,0.032,Bersier Wood,RRLyrae,,,,,,,,,,,,,,,,,,,,,,,,,,
39.7762,-34.7019,0.28448,21.397,0.025,20.96,0.041,0.027,Bersier Wood,RRLyrae,,,,,,,,,,,,,,,,,,,,,,,,,,
39.7779,-34.4683,0.54891,21.432,0.019,20.746,0.032,0.027,Bersier Wood,RRLyrae,,,,,,,,,,,,,,,,,,,,,,,,,,
39.7792,-34.555,0.63398,21.351,0.024,20.772,0.034,0.026,Bersier Wood,RRLyrae,,,,,,,,,,,,,,,,,,,,,,,,,,
39.7796,-34.5544,0.33609,20.78,0.017,19.971,0.019,0.026,Bersier Wood,RRLyrae,,,,,,,,,,,,,,,,,,,,,,,,,,
39.7808,-34.8428,0.57738,21.013,0.03,20.399,0.059,0.029,Bersier Wood,RRLyrae,,,,,,,,,,,,,,,,,,,,,,,,,,
39.7812,-34.4403,0.62738,21.048,0.02,20.389,0.026,0.028,Bersier Wood,RRLyrae,,,,,,,,,,,,,,,,,,,,,,,,,,
39.7837,-34.3325,0.53558,21.575,0.025,20.989,0.039,0.027,Bersier Wood,RRLyrae,,,,,,,,,,,,,,,,,,,,,,,,,,
39.7921,-34.3997,0.58359,21.327,0.022,20.727,0.032,0.027,Bersier Wood,RRLyrae,,,,,,,,,,,,,,,,,,,,,,,,,,
39.7937,-34.6831,0.42479,21.181,0.02,20.527,0.029,0.026,Bersier Wood,RRLyrae,,,,,,,,,,,,,,,,,,,,,,,,,,
39.795,-34.9811,0.67149,21.136,0.019,20.467,0.027,0.03,Bersier Wood,RRLyrae,,,,,,,,,,,,,,,,,,,,,,,,,,
39.7954,-34.8225,0.55678,21.458,0.022,20.83,0.033,0.028,Bersier Wood,RRLyrae,,,,,,,,,,,,,,,,,,,,,,,,,,
39.7958,-34.3494,0.65382,21.359,0.027,20.768,0.057,0.027,Bersier Wood,RRLyrae,,,,,,,,,,,,,,,,,,,,,,,,,,
39.7983,-34.6319,0.56104,21.403,0.022,20.801,0.031,0.026,Bersier Wood,RRLyrae,,,,,,,,,,,,,,,,,,,,,,,,,,
39.7983,-34.8425,0.29478,21.433,0.024,20.749,0.034,0.028,Bersier Wood,RRLyrae,,,,,,,,,,,,,,,,,,,,,,,,,,
39.7987,-34.55,0.62666,21.152,0.019,20.629,0.03,0.025,Bersier Wood,RRLyrae,,,,,,,,,,,,,,,,,,,,,,,,,,
39.7992,-34.7728,0.6481,21.169,0.02,20.647,0.029,0.028,Bersier Wood,RRLyrae,,,,,,,,,,,,,,,,,,,,,,,,,,
39.8004,-34.325,0.64428,21.053,0.019,20.419,0.026,0.027,Bersier Wood,RRLyrae,,,,,,,,,,,,,,,,,,,,,,,,,,
39.8021,-34.5239,0.53048,21.3,0.02,20.625,0.03,0.025,Bersier Wood,RRLyrae,,,,,,,,,,,,,,,,,,,,,,,,,,
39.8046,-34.6714,0.2819,21.237,0.023,20.852,0.033,0.026,Bersier Wood,RRLyrae,,,,,,,,,,,,,,,,,,,,,,,,,,
39.8046,-34.9094,0.42072,21.294,0.022,20.676,0.029,0.029,Bersier Wood,RRLyrae,,,,,,,,,,,,,,,,,,,,,,,,,,
39.8062,-34.4058,0.39544,21.349,0.023,20.808,0.034,0.027,Bersier Wood,RRLyrae,,,,,,,,,,,,,,,,,,,,,,,,,,
39.8071,-34.5983,0.56972,21.019,0.029,20.356,0.038,0.026,Bersier Wood,RRLyrae,,,,,,,,,,,,,,,,,,,,,,,,,,
39.8079,-34.6161,0.6062,21.266,0.021,20.723,0.031,0.026,Bersier Wood,RRLyrae,,,,,,,,,,,,,,,,,,,,,,,,,,
39.8117,-34.8108,0.37554,21.458,0.026,20.847,0.036,0.028,Bersier Wood,RRLyrae,,,,,,,,,,,,,,,,,,,,,,,,,,
39.8146,-34.9614,0.36787,21.41,0.024,20.73,0.033,0.03,Bersier Wood,RRLyrae,,,,,,,,,,,,,,,,,,,,,,,,,,
39.8171,-34.7342,0.52025,21.772,0.027,20.639,0.047,0.027,Bersier Wood,RRLyrae,,,,,,,,,,,,,,,,,,,,,,,,,,
39.8175,-34.8975,0.36086,21.501,0.024,20.897,0.037,0.028,Bersier Wood,RRLyrae,,,,,,,,,,,,,,,,,,,,,,,,,,
39.8179,-34.5108,0.58961,21.233,0.021,20.638,0.03,0.025,Bersier Wood,RRLyrae,,,,,,,,,,,,,,,,,,,,,,,,,,
39.8187,-34.4528,0.61559,21.434,0.021,20.675,0.026,0.026,Bersier Wood,RRLyrae,,,,,,,,,,,,,,,,,,,,,,,,,,
39.8208,-34.5,0.34337,21.536,0.026,21.056,0.04,0.025,Bersier Wood,RRLyrae,,,,,,,,,,,,,,,,,,,,,,,,,,
39.8217,-34.8842,0.65667,21.296,0.024,20.651,0.035,0.028,Bersier Wood,RRLyrae,,,,,,,,,,,,,,,,,,,,,,,,,,
39.8242,-34.9253,0.61982,21.405,0.022,20.759,0.031,0.029,Bersier Wood,RRLyrae,,,,,,,,,,,,,,,,,,,,,,,,,,
39.8258,-34.4231,0.60807,21.488,0.023,20.791,0.033,0.027,Bersier Wood,RRLyrae,,,,,,,,,,,,,,,,,,,,,,,,,,
39.8271,-34.3928,0.36718,21.482,0.026,20.739,0.033,0.027,Bersier Wood,RRLyrae,,,,,,,,,,,,,,,,,,,,,,,,,,
39.8279,-34.6017,0.59782,21.278,0.022,20.542,0.03,0.026,Bersier Wood,RRLyrae,,,,,,,,,,,,,,,,,,,,,,,,,,
39.8308,-34.4581,0.57484,21.243,0.02,20.651,0.03,0.026,Bersier Wood,RRLyrae,,,,,,,,,,,,,,,,,,,,,,,,,,
39.8325,-34.8625,0.39015,21.13,0.021,20.505,0.028,0.027,Bersier Wood,RRLyrae,,,,,,,,,,,,,,,,,,,,,,,,,,
39.8329,-34.3394,0.59527,21.512,0.027,20.77,0.036,0.026,Bersier Wood,RRLyrae,,,,,,,,,,,,,,,,,,,,,,,,,,
39.8354,-34.5233,0.58372,21.416,0.026,20.86,0.036,0.025,Bersier Wood,RRLyrae,,,,,,,,,,,,,,,,,,,,,,,,,,
39.8362,-34.9222,0.68058,21.212,0.02,20.888,0.033,0.029,Bersier Wood,RRLyrae,,,,,,,,,,,,,,,,,,,,,,,,,,
39.8367,-34.6906,0.58345,21.419,0.026,20.699,0.035,0.026,Bersier Wood,RRLyrae,,,,,,,,,,,,,,,,,,,,,,,,,,
39.8417,-34.3358,0.37861,21.395,0.025,20.953,0.037,0.026,Bersier Wood,RRLyrae,,,,,,,,,,,,,,,,,,,,,,,,,,
39.8437,-34.8158,0.22927,21.247,0.022,20.857,0.034,0.027,Bersier Wood,RRLyrae,,,,,,,,,,,,,,,,,,,,,,,,,,
39.845,-34.5961,0.57899,21.624,0.026,21.263,0.042,0.026,Bersier Wood,RRLyrae,,,,,,,,,,,,,,,,,,,,,,,,,,
39.8458,-34.8619,0.27457,21.494,0.026,20.919,0.038,0.027,Bersier Wood,RRLyrae,,,,,,,,,,,,,,,,,,,,,,,,,,
39.8471,-34.5706,0.56844,21.14,0.017,20.601,0.025,0.025,Bersier Wood,RRLyrae,,,,,,,,,,,,,,,,,,,,,,,,,,
39.8475,-34.7611,0.55697,21.603,0.026,20.886,0.036,0.027,Bersier Wood,RRLyrae,,,,,,,,,,,,,,,,,,,,,,,,,,
39.8487,-34.6011,0.48273,21.448,0.027,20.842,0.043,0.026,Bersier Wood,RRLyrae,,,,,,,,,,,,,,,,,,,,,,,,,,
39.8496,-34.7994,0.36437,21.424,0.023,20.894,0.034,0.027,Bersier Wood,RRLyrae,,,,,,,,,,,,,,,,,,,,,,,,,,
39.8512,-34.5369,0.60533,21.111,0.021,20.47,0.027,0.024,Bersier Wood,RRLyrae,,,,,,,,,,,,,,,,,,,,,,,,,,
39.8525,-34.5475,0.31414,21.489,0.032,20.349,0.034,0.024,Bersier Wood,RRLyrae,,,,,,,,,,,,,,,,,,,,,,,,,,
39.8533,-34.5939,0.36301,21.54,0.029,21.13,0.043,0.025,Bersier Wood,RRLyrae,,,,,,,,,,,,,,,,,,,,,,,,,,
39.8542,-34.9122,0.58003,21.387,0.023,20.72,0.033,0.028,Bersier Wood,RRLyrae,,,,,,,,,,,,,,,,,,,,,,,,,,
39.8571,-34.5494,0.30638,21.619,0.029,20.963,0.039,0.024,Bersier Wood,RRLyrae,,,,,,,,,,,,,,,,,,,,,,,,,,
39.8579,-34.3497,0.21303,21.347,0.024,20.88,0.033,0.025,Bersier Wood,RRLyrae,,,,,,,,,,,,,,,,,,,,,,,,,,
39.8608,-34.3317,0.37077,21.342,0.024,20.742,0.032,0.025,Bersier Wood,RRLyrae,,,,,,,,,,,,,,,,,,,,,,,,,,
39.8629,-34.4075,0.56955,21.076,0.019,21.057,0.038,0.026,Bersier Wood,RRLyrae,,,,,,,,,,,,,,,,,,,,,,,,,,
39.8629,-34.9722,0.35855,21.324,0.024,20.826,0.036,0.029,Bersier Wood,RRLyrae,,,,,,,,,,,,,,,,,,,,,,,,,,
39.8633,-34.3722,0.35446,21.255,0.023,20.656,0.035,0.025,Bersier Wood,RRLyrae,,,,,,,,,,,,,,,,,,,,,,,,,,
39.8637,-34.5728,0.58807,21.409,0.028,20.771,0.038,0.025,Bersier Wood,RRLyrae,,,,,,,,,,,,,,,,,,,,,,,,,,
39.865,-34.3567,0.60209,21.486,0.027,20.943,0.041,0.025,Bersier Wood,RRLyrae,,,,,,,,,,,,,,,,,,,,,,,,,,
39.8671,-34.4486,0.36294,21.45,0.03,20.838,0.041,0.026,Bersier Wood,RRLyrae,,,,,,,,,,,,,,,,,,,,,,,,,,
39.8729,-34.7803,0.55673,21.422,0.033,20.85,0.042,0.026,Bersier Wood,RRLyrae,,,,,,,,,,,,,,,,,,,,,,,,,,
39.8975,-34.7089,0.37427,21.466,0.024,20.863,0.038,0.024,Bersier Wood,RRLyrae,,,,,,,,,,,,,,,,,,,,,,,,,,
39.8996,-34.8808,0.5347,21.672,0.028,21.106,0.051,0.027,Bersier Wood,RRLyrae,,,,,,,,,,,,,,,,,,,,,,,,,,
39.9008,-34.9294,0.58698,21.185,0.018,20.821,0.03,0.027,Bersier Wood,RRLyrae,,,,,,,,,,,,,,,,,,,,,,,,,,
39.9025,-34.8336,0.58668,21.352,0.024,20.817,0.041,0.026,Bersier Wood,RRLyrae,,,,,,,,,,,,,,,,,,,,,,,,,,
39.9129,-34.4614,0.53957,21.156,0.02,20.569,0.047,0.024,Bersier Wood,RRLyrae,,,,,,,,,,,,,,,,,,,,,,,,,,
39.9162,-34.5322,0.53215,21.04,0.021,20.571,0.041,0.024,Bersier Wood,RRLyrae,,,,,,,,,,,,,,,,,,,,,,,,,,
39.9167,-34.8272,0.54618,21.412,0.022,20.671,0.03,0.026,Bersier Wood,RRLyrae,,,,,,,,,,,,,,,,,,,,,,,,,,
39.9196,-34.8008,0.59347,21.49,0.022,20.776,0.032,0.025,Bersier Wood,RRLyrae,,,,,,,,,,,,,,,,,,,,,,,,,,
39.9196,-34.955,0.42792,21.182,0.018,20.767,0.028,0.027,Bersier Wood,RRLyrae,,,,,,,,,,,,,,,,,,,,,,,,,,
39.9254,-34.725,0.37873,21.156,0.018,20.434,0.025,0.024,Bersier Wood,RRLyrae,,,,,,,,,,,,,,,,,,,,,,,,,,
39.9321,-34.8147,0.55587,21.406,0.02,20.81,0.033,0.025,Bersier Wood,RRLyrae,,,,,,,,,,,,,,,,,,,,,,,,,,
39.9325,-34.6997,0.48566,21.342,0.023,20.739,0.034,0.024,Bersier Wood,RRLyrae,,,,,,,,,,,,,,,,,,,,,,,,,,
39.9329,-34.8869,0.36035,21.062,0.03,20.364,0.05,0.027,Bersier Wood,RRLyrae,,,,,,,,,,,,,,,,,,,,,,,,,,
39.9362,-34.5231,0.66529,21.095,0.018,20.626,0.027,0.024,Bersier Wood,RRLyrae,,,,,,,,,,,,,,,,,,,,,,,,,,
39.9383,-34.7206,0.5313,21.206,0.019,20.769,0.031,0.024,Bersier Wood,RRLyrae,,,,,,,,,,,,,,,,,,,,,,,,,,
39.9392,-34.9203,0.54338,21.23,0.02,20.894,0.029,0.027,Bersier Wood,RRLyrae,,,,,,,,,,,,,,,,,,,,,,,,,,
39.9417,-34.6142,0.45231,21.33,0.027,20.952,0.055,0.025,Bersier Wood,RRLyrae,,,,,,,,,,,,,,,,,,,,,,,,,,
39.9433,-34.6917,0.58283,21.327,0.02,20.672,0.033,0.024,Bersier Wood,RRLyrae,,,,,,,,,,,,,,,,,,,,,,,,,,
39.9471,-34.4767,0.54003,21.047,0.019,20.505,0.025,0.022,Bersier Wood,RRLyrae,,,,,,,,,,,,,,,,,,,,,,,,,,
39.9479,-34.7686,0.60488,21.359,0.02,20.66,0.031,0.025,Bersier Wood,RRLyrae,,,,,,,,,,,,,,,,,,,,,,,,,,
39.9496,-34.7928,0.54571,21.273,0.024,20.737,0.057,0.025,Bersier Wood,RRLyrae,,,,,,,,,,,,,,,,,,,,,,,,,,
39.9504,-34.5122,0.60799,21.192,0.022,20.796,0.05,0.022,Bersier Wood,RRLyrae,,,,,,,,,,,,,,,,,,,,,,,,,,
39.9546,-34.3264,0.35891,21.529,0.018,20.58,0.028,0.022,Bersier Wood,RRLyrae,,,,,,,,,,,,,,,,,,,,,,,,,,
39.9554,-34.8253,0.60522,21.282,0.02,20.751,0.031,0.026,Bersier Wood,RRLyrae,,,,,,,,,,,,,,,,,,,,,,,,,,
39.9592,-34.8547,0.28219,21.326,0.022,20.794,0.038,0.027,Bersier Wood,RRLyrae,,,,,,,,,,,,,,,,,,,,,,,,,,
39.9671,-34.9831,0.59911,21.27,0.021,20.827,0.031,0.027,Bersier Wood,RRLyrae,,,,,,,,,,,,,,,,,,,,,,,,,,
39.9675,-34.8589,0.60819,21.511,0.022,20.874,0.033,0.027,Bersier Wood,RRLyrae,,,,,,,,,,,,,,,,,,,,,,,,,,
39.9717,-34.9694,0.58228,21.364,0.02,20.79,0.03,0.027,Bersier Wood,RRLyrae,,,,,,,,,,,,,,,,,,,,,,,,,,
39.9758,-34.9539,0.57336,21.386,0.023,20.861,0.031,0.027,Bersier Wood,RRLyrae,,,,,,,,,,,,,,,,,,,,,,,,,,
39.9783,-34.6003,0.57469,20.99,0.016,20.506,0.025,0.025,Bersier Wood,RRLyrae,,,,,,,,,,,,,,,,,,,,,,,,,,
39.9796,-34.5156,0.60635,21.098,0.019,20.413,0.024,0.022,Bersier Wood,RRLyrae,,,,,,,,,,,,,,,,,,,,,,,,,,
39.9842,-34.9644,0.62764,21.232,0.019,20.652,0.029,0.027,Bersier Wood,RRLyrae,,,,,,,,,,,,,,,,,,,,,,,,,,
39.9862,-34.8106,0.62357,21.352,0.021,20.741,0.032,0.024,Bersier Wood,RRLyrae,,,,,,,,,,,,,,,,,,,,,,,,,,
39.9871,-34.7658,0.66851,21.223,0.02,20.772,0.032,0.024,Bersier Wood,RRLyrae,,,,,,,,,,,,,,,,,,,,,,,,,,
39.9875,-34.7894,0.56381,21.402,0.022,20.951,0.039,0.024,Bersier Wood,RRLyrae,,,,,,,,,,,,,,,,,,,,,,,,,,
39.9892,-34.4328,0.5304,21.145,0.022,20.594,0.045,0.02,Bersier Wood,RRLyrae,,,,,,,,,,,,,,,,,,,,,,,,,,
39.9896,-34.7653,0.37903,21.353,0.023,20.757,0.032,0.024,Bersier Wood,RRLyrae,,,,,,,,,,,,,,,,,,,,,,,,,,
39.9896,-34.7894,0.62915,21.029,0.015,20.614,0.027,0.024,Bersier Wood,RRLyrae,,,,,,,,,,,,,,,,,,,,,,,,,,
39.9904,-34.6744,0.37119,21.239,0.021,20.66,0.03,0.024,Bersier Wood,RRLyrae,,,,,,,,,,,,,,,,,,,,,,,,,,
39.9904,-34.7278,0.54618,21.319,0.02,20.73,0.031,0.024,Bersier Wood,RRLyrae,,,,,,,,,,,,,,,,,,,,,,,,,,
39.9912,-34.7467,0.60097,21.456,0.019,20.825,0.037,0.024,Bersier Wood,RRLyrae,,,,,,,,,,,,,,,,,,,,,,,,,,
39.9937,-34.54,0.59631,21.393,0.021,20.906,0.033,0.023,Bersier Wood,RRLyrae,,,,,,,,,,,,,,,,,,,,,,,,,,
39.9967,-34.4917,0.52005,21.498,0.024,20.969,0.037,0.021,Bersier Wood,RRLyrae,,,,,,,,,,,,,,,,,,,,,,,,,,
39.9987,-34.9144,0.58734,21.396,0.019,20.696,0.03,0.028,Bersier Wood,RRLyrae,,,,,,,,,,,,,,,,,,,,,,,,,,
40.0008,-34.8056,0.60169,21.252,0.024,20.736,0.055,0.024,Bersier Wood,RRLyrae,,,,,,,,,,,,,,,,,,,,,,,,,,
40.0008,-34.975,0.4302,21.49,0.024,20.936,0.037,0.027,Bersier Wood,RRLyrae,,,,,,,,,,,,,,,,,,,,,,,,,,
40.0029,-34.8094,0.35392,21.465,0.023,20.891,0.035,0.024,Bersier Wood,RRLyrae,,,,,,,,,,,,,,,,,,,,,,,,,,
40.0037,-34.825,0.25035,21.51,0.023,20.876,0.037,0.025,Bersier Wood,RRLyrae,,,,,,,,,,,,,,,,,,,,,,,,,,
40.0054,-34.3153,0.22549,20.954,0.019,19.899,0.019,0.023,Bersier Wood,RRLyrae,,,,,,,,,,,,,,,,,,,,,,,,,,
40.01,-34.9606,0.56122,21.285,0.021,20.786,0.031,0.027,Bersier Wood,RRLyrae,,,,,,,,,,,,,,,,,,,,,,,,,,
40.0121,-34.5833,0.56713,25.2,0.021,18.248,0.034,0.025,Bersier Wood,RRLyrae,,,,,,,,,,,,,,,,,,,,,,,,,,
40.0133,-34.6722,0.37063,21.419,0.023,20.83,0.037,0.024,Bersier Wood,RRLyrae,,,,,,,,,,,,,,,,,,,,,,,,,,
40.015,-34.7019,0.56208,21.449,0.02,20.828,0.035,0.024,Bersier Wood,RRLyrae,,,,,,,,,,,,,,,,,,,,,,,,,,
40.0162,-34.9703,0.61134,21.288,0.022,20.717,0.031,0.027,Bersier Wood,RRLyrae,,,,,,,,,,,,,,,,,,,,,,,,,,
40.0192,-34.8969,0.61239,21.236,0.019,20.84,0.032,0.027,Bersier Wood,RRLyrae,,,,,,,,,,,,,,,,,,,,,,,,,,
40.0221,-34.6053,0.54373,21.562,0.02,20.614,0.033,0.025,Bersier Wood,RRLyrae,,,,,,,,,,,,,,,,,,,,,,,,,,
40.0258,-34.9331,0.54694,21.381,0.019,20.665,0.029,0.028,Bersier Wood,RRLyrae,,,,,,,,,,,,,,,,,,,,,,,,,,
40.0271,-34.7989,0.54081,21.426,0.018,20.912,0.031,0.024,Bersier Wood,RRLyrae,,,,,,,,,,,,,,,,,,,,,,,,,,
40.0287,-34.5347,0.45333,21.07,0.051,20.493,0.104,0.022,Bersier Wood,RRLyrae,,,,,,,,,,,,,,,,,,,,,,,,,,
40.0333,-34.9672,0.55902,21.257,0.019,20.806,0.029,0.027,Bersier Wood,RRLyrae,,,,,,,,,,,,,,,,,,,,,,,,,,
40.0404,-34.3308,0.58043,21.125,0.016,20.562,0.025,0.021,Bersier Wood,RRLyrae,,,,,,,,,,,,,,,,,,,,,,,,,,
40.0467,-34.9617,0.57226,21.29,0.019,20.789,0.03,0.027,Bersier Wood,RRLyrae,,,,,,,,,,,,,,,,,,,,,,,,,,
40.0479,-34.6764,0.43355,20.997,0.018,19.783,0.017,0.025,Bersier Wood,RRLyrae,,,,,,,,,,,,,,,,,,,,,,,,,,
40.0521,-34.7408,0.39878,21.358,0.022,20.814,0.037,0.024,Bersier Wood,RRLyrae,,,,,,,,,,,,,,,,,,,,,,,,,,
40.0529,-34.8839,0.52834,21.583,0.025,20.931,0.035,0.027,Bersier Wood,RRLyrae,,,,,,,,,,,,,,,,,,,,,,,,,,
40.0542,-34.7628,0.57579,21.429,0.022,20.953,0.035,0.024,Bersier Wood,RRLyrae,,,,,,,,,,,,,,,,,,,,,,,,,,
40.0567,-34.4564,0.56415,21.451,0.023,21.128,0.037,0.02,Bersier Wood,RRLyrae,,,,,,,,,,,,,,,,,,,,,,,,,,
40.0567,-34.6297,0.68707,21.06,0.017,20.467,0.026,0.025,Bersier Wood,RRLyrae,,,,,,,,,,,,,,,,,,,,,,,,,,
40.0571,-34.3422,0.5246,21.709,0.02,20.93,0.035,0.021,Bersier Wood,RRLyrae,,,,,,,,,,,,,,,,,,,,,,,,,,
40.0612,-34.7325,0.53567,21.323,0.021,20.783,0.032,0.024,Bersier Wood,RRLyrae,,,,,,,,,,,,,,,,,,,,,,,,,,
40.0646,-34.9653,0.55777,21.33,0.019,20.844,0.03,0.027,Bersier Wood,RRLyrae,,,,,,,,,,,,,,,,,,,,,,,,,,
40.0662,-34.6711,0.29779,21.156,0.022,20.665,0.035,0.025,Bersier Wood,RRLyrae,,,,,,,,,,,,,,,,,,,,,,,,,,
40.0767,-34.8117,0.54593,21.201,0.02,20.616,0.028,0.024,Bersier Wood,RRLyrae,,,,,,,,,,,,,,,,,,,,,,,,,,
40.0771,-34.8128,0.6053,21.391,0.021,20.796,0.031,0.024,Bersier Wood,RRLyrae,,,,,,,,,,,,,,,,,,,,,,,,,,
40.0779,-34.9489,0.36807,21.509,0.022,20.698,0.032,0.028,Bersier Wood,RRLyrae,,,,,,,,,,,,,,,,,,,,,,,,,,
40.08,-34.6397,0.58292,21.154,0.019,20.184,0.022,0.025,Bersier Wood,RRLyrae,,,,,,,,,,,,,,,,,,,,,,,,,,
40.0817,-34.7625,0.60872,21.283,0.021,20.59,0.03,0.024,Bersier Wood,RRLyrae,,,,,,,,,,,,,,,,,,,,,,,,,,
40.0817,-34.8372,0.5964,21.415,0.023,20.838,0.033,0.025,Bersier Wood,RRLyrae,,,,,,,,,,,,,,,,,,,,,,,,,,
40.0833,-34.9006,0.36465,21.5,0.023,20.876,0.033,0.027,Bersier Wood,RRLyrae,,,,,,,,,,,,,,,,,,,,,,,,,,
40.0846,-34.7053,0.40942,21.081,0.017,20.438,0.026,0.024,Bersier Wood,RRLyrae,,,,,,,,,,,,,,,,,,,,,,,,,,
40.0862,-34.9,0.63054,21.351,0.022,20.835,0.032,0.027,Bersier Wood,RRLyrae,,,,,,,,,,,,,,,,,,,,,,,,,,
40.0871,-34.9794,0.45399,21.329,0.02,20.779,0.03,0.027,Bersier Wood,RRLyrae,,,,,,,,,,,,,,,,,,,,,,,,,,
40.0896,-34.5106,0.59293,21.025,0.017,20.51,0.024,0.021,Bersier Wood,RRLyrae,,,,,,,,,,,,,,,,,,,,,,,,,,
40.0958,-34.9069,0.63076,21.233,0.022,20.824,0.032,0.027,Bersier Wood,RRLyrae,,,,,,,,,,,,,,,,,,,,,,,,,,
40.0958,-34.9594,0.38705,21.23,0.02,20.555,0.025,0.027,Bersier Wood,RRLyrae,,,,,,,,,,,,,,,,,,,,,,,,,,
40.0987,-34.5858,0.60005,21.149,0.019,20.549,0.027,0.025,Bersier Wood,RRLyrae,,,,,,,,,,,,,,,,,,,,,,,,,,
40.1,-34.3625,0.52019,21.438,0.021,20.875,0.035,0.02,Bersier Wood,RRLyrae,,,,,,,,,,,,,,,,,,,,,,,,,,
40.1117,-34.7108,0.6023,21.198,0.023,20.711,0.05,0.024,Bersier Wood,RRLyrae,,,,,,,,,,,,,,,,,,,,,,,,,,
40.1171,-34.8522,0.37172,21.342,0.019,20.785,0.031,0.026,Bersier Wood,RRLyrae,,,,,,,,,,,,,,,,,,,,,,,,,,
40.1254,-34.7397,0.54992,21.185,0.019,20.686,0.029,0.024,Bersier Wood,RRLyrae,,,,,,,,,,,,,,,,,,,,,,,,,,
40.1254,-34.7492,0.57363,21.448,0.023,20.882,0.035,0.024,Bersier Wood,RRLyrae,,,,,,,,,,,,,,,,,,,,,,,,,,
40.1279,-34.3389,0.57181,21.165,0.02,20.567,0.043,0.021,Bersier Wood,RRLyrae,,,,,,,,,,,,,,,,,,,,,,,,,,
40.1358,-34.6914,0.38206,21.196,0.022,20.725,0.029,0.024,Bersier Wood,RRLyrae,,,,,,,,,,,,,,,,,,,,,,,,,,
40.1371,-34.8192,0.58273,21.349,0.023,20.849,0.034,0.025,Bersier Wood,RRLyrae,,,,,,,,,,,,,,,,,,,,,,,,,,
40.1379,-34.5794,0.65173,21.153,0.022,20.655,0.047,0.023,Bersier Wood,RRLyrae,,,,,,,,,,,,,,,,,,,,,,,,,,
40.1417,-34.3228,0.6463,21.264,0.023,20.674,0.05,0.021,Bersier Wood,RRLyrae,,,,,,,,,,,,,,,,,,,,,,,,,,
40.15,-34.9056,0.6135,21.22,0.02,20.675,0.038,0.026,Bersier Wood,RRLyrae,,,,,,,,,,,,,,,,,,,,,,,,,,
40.1517,-34.4297,0.56986,21.348,0.024,20.895,0.055,0.02,Bersier Wood,RRLyrae,,,,,,,,,,,,,,,,,,,,,,,,,,
40.1525,-34.7017,0.35997,21.498,0.022,21.12,0.039,0.024,Bersier Wood,RRLyrae,,,,,,,,,,,,,,,,,,,,,,,,,,
40.1646,-34.7183,0.40765,21.062,0.017,20.456,0.024,0.024,Bersier Wood,RRLyrae,,,,,,,,,,,,,,,,,,,,,,,,,,
40.1654,-34.4006,0.558,21.189,0.021,20.764,0.051,0.02,Bersier Wood,RRLyrae,,,,,,,,,,,,,,,,,,,,,,,,,,
40.1667,-34.9558,0.57351,21.458,0.019,20.806,0.032,0.026,Bersier Wood,RRLyrae,,,,,,,,,,,,,,,,,,,,,,,,,,
40.1671,-34.5142,0.6102,21.116,0.02,20.65,0.05,0.021,Bersier Wood,RRLyrae,,,,,,,,,,,,,,,,,,,,,,,,,,
40.1742,-34.7542,0.54882,20.976,0.016,20.329,0.022,0.024,Bersier Wood,RRLyrae,,,,,,,,,,,,,,,,,,,,,,,,,,
40.1817,-34.75,0.60656,21.332,0.021,20.854,0.032,0.024,Bersier Wood,RRLyrae,,,,,,,,,,,,,,,,,,,,,,,,,,
40.1821,-34.7869,0.61617,21.379,0.022,20.892,0.036,0.024,Bersier Wood,RRLyrae,,,,,,,,,,,,,,,,,,,,,,,,,,
40.1875,-34.7917,0.55952,21.394,0.022,20.94,0.028,0.024,Bersier Wood,RRLyrae,,,,,,,,,,,,,,,,,,,,,,,,,,
40.1929,-34.7228,0.55819,21.485,0.021,20.891,0.032,0.024,Bersier Wood,RRLyrae,,,,,,,,,,,,,,,,,,,,,,,,,,
40.1937,-34.7092,0.39124,21.301,0.023,20.659,0.033,0.024,Bersier Wood,RRLyrae,,,,,,,,,,,,,,,,,,,,,,,,,,
40.1962,-34.4264,0.53278,21.403,0.023,20.877,0.051,0.021,Bersier Wood,RRLyrae,,,,,,,,,,,,,,,,,,,,,,,,,,
40.1971,-34.7825,0.58336,21.287,0.019,20.799,0.031,0.024,Bersier Wood,RRLyrae,,,,,,,,,,,,,,,,,,,,,,,,,,
40.1987,-34.6858,0.52797,21.535,0.025,20.793,0.039,0.024,Bersier Wood,RRLyrae,,,,,,,,,,,,,,,,,,,,,,,,,,
40.2008,-34.82,0.36012,21.399,0.023,20.747,0.035,0.024,Bersier Wood,RRLyrae,,,,,,,,,,,,,,,,,,,,,,,,,,
40.2054,-34.6756,0.36965,21.347,0.021,20.605,0.031,0.024,Bersier Wood,RRLyrae,,,,,,,,,,,,,,,,,,,,,,,,,,
40.2067,-34.7678,0.41426,21.339,0.022,20.638,0.027,0.024,Bersier Wood,RRLyrae,,,,,,,,,,,,,,,,,,,,,,,,,,
40.21,-34.4886,0.29547,21.076,0.02,20.591,0.044,0.021,Bersier Wood,RRLyrae,,,,,,,,,,,,,,,,,,,,,,,,,,
40.2146,-34.4236,0.58453,21.137,0.021,20.685,0.046,0.021,Bersier Wood,RRLyrae,,,,,,,,,,,,,,,,,,,,,,,,,,
40.2146,-34.8922,0.5711,21.446,0.025,20.902,0.034,0.025,Bersier Wood,RRLyrae,,,,,,,,,,,,,,,,,,,,,,,,,,
40.2187,-34.7325,0.35433,21.403,0.022,20.727,0.03,0.024,Bersier Wood,RRLyrae,,,,,,,,,,,,,,,,,,,,,,,,,,
40.2287,-34.8342,0.53585,21.452,0.022,20.991,0.034,0.024,Bersier Wood,RRLyrae,,,,,,,,,,,,,,,,,,,,,,,,,,
40.23,-34.8658,0.56743,21.385,0.024,20.895,0.039,0.025,Bersier Wood,RRLyrae,,,,,,,,,,,,,,,,,,,,,,,,,,
40.2317,-34.9653,0.38629,21.279,0.021,20.674,0.027,0.025,Bersier Wood,RRLyrae,,,,,,,,,,,,,,,,,,,,,,,,,,
40.2329,-34.8322,0.30182,21.098,0.019,20.673,0.027,0.024,Bersier Wood,RRLyrae,,,,,,,,,,,,,,,,,,,,,,,,,,
40.2429,-34.7644,0.48111,20.8,0.015,20.059,0.02,0.024,Bersier Wood,RRLyrae,,,,,,,,,,,,,,,,,,,,,,,,,,
40.2442,-34.7947,0.62489,21.27,0.021,20.812,0.029,0.024,Bersier Wood,RRLyrae,,,,,,,,,,,,,,,,,,,,,,,,,,
40.2462,-34.7261,0.40338,21.337,0.021,20.832,0.032,0.024,Bersier Wood,RRLyrae,,,,,,,,,,,,,,,,,,,,,,,,,,
40.2525,-34.9369,0.5613,21.373,0.022,20.834,0.031,0.025,Bersier Wood,RRLyrae,,,,,,,,,,,,,,,,,,,,,,,,,,
40.2554,-34.8108,0.34513,21.481,0.024,20.807,0.033,0.024,Bersier Wood,RRLyrae,,,,,,,,,,,,,,,,,,,,,,,,,,
40.2567,-34.9394,0.35589,21.361,0.021,20.92,0.033,0.025,Bersier Wood,RRLyrae,,,,,,,,,,,,,,,,,,,,,,,,,,
40.2629,-34.9306,0.36591,21.337,0.022,20.835,0.028,0.025,Bersier Wood,RRLyrae,,,,,,,,,,,,,,,,,,,,,,,,,,
40.2771,-34.8197,0.5271,21.453,0.024,20.91,0.034,0.024,Bersier Wood,RRLyrae,,,,,,,,,,,,,,,,,,,,,,,,,,
39.8175,-34.4011,0.55549,21.729,0.026,21.049,0.039,0.027,Bersier Wood,RRLyrae,,,,,,,,,,,,,,,,,,,,,,,,,,
39.9117,-34.6303,0.60253,21.512,0.029,21.032,0.046,0.025,Bersier Wood,RRLyrae,,,,,,,,,,,,,,,,,,,,,,,,,,
39.9137,-34.4531,0.56782,21.434,0.025,20.957,0.035,0.024,Bersier Wood,RRLyrae,,,,,,,,,,,,,,,,,,,,,,,,,,
39.9175,-34.3511,0.64033,21.385,0.021,20.777,0.031,0.023,Bersier Wood,RRLyrae,,,,,,,,,,,,,,,,,,,,,,,,,,
39.9175,-34.5897,0.57367,21.386,0.026,20.823,0.055,0.025,Bersier Wood,RRLyrae,,,,,,,,,,,,,,,,,,,,,,,,,,
39.9192,-34.5439,0.60773,21.276,0.024,20.815,0.045,0.024,Bersier Wood,RRLyrae,,,,,,,,,,,,,,,,,,,,,,,,,,
39.9192,-34.6139,0.62468,21.364,0.023,20.738,0.029,0.025,Bersier Wood,RRLyrae,,,,,,,,,,,,,,,,,,,,,,,,,,
39.9212,-34.3236,0.40623,21.332,0.019,20.928,0.03,0.023,Bersier Wood,RRLyrae,,,,,,,,,,,,,,,,,,,,,,,,,,
39.9212,-34.5992,0.61441,21.584,0.033,21.189,0.068,0.025,Bersier Wood,RRLyrae,,,,,,,,,,,,,,,,,,,,,,,,,,
39.9225,-34.4983,0.54211,21.432,0.022,20.911,0.035,0.023,Bersier Wood,RRLyrae,,,,,,,,,,,,,,,,,,,,,,,,,,
39.9225,-34.6147,0.63125,21.418,0.025,20.937,0.039,0.025,Bersier Wood,RRLyrae,,,,,,,,,,,,,,,,,,,,,,,,,,
39.9254,-34.4533,0.60813,21.707,0.04,21.024,0.076,0.022,Bersier Wood,RRLyrae,,,,,,,,,,,,,,,,,,,,,,,,,,
39.9304,-34.4606,0.56517,21.786,0.026,20.928,0.04,0.022,Bersier Wood,RRLyrae,,,,,,,,,,,,,,,,,,,,,,,,,,
39.9358,-34.4206,0.57117,21.503,0.022,20.894,0.035,0.023,Bersier Wood,RRLyrae,,,,,,,,,,,,,,,,,,,,,,,,,,
39.9404,-34.4228,0.66012,21.491,0.025,21.184,0.039,0.023,Bersier Wood,RRLyrae,,,,,,,,,,,,,,,,,,,,,,,,,,
39.9404,-34.5572,0.62272,21.414,0.026,20.765,0.039,0.024,Bersier Wood,RRLyrae,,,,,,,,,,,,,,,,,,,,,,,,,,
39.9425,-34.3103,0.61924,21.443,0.023,20.787,0.033,0.024,Bersier Wood,RRLyrae,,,,,,,,,,,,,,,,,,,,,,,,,,
39.9442,-34.4975,0.55497,21.405,0.022,20.81,0.032,0.023,Bersier Wood,RRLyrae,,,,,,,,,,,,,,,,,,,,,,,,,,
39.9462,-34.5819,0.55355,21.389,0.024,20.743,0.034,0.024,Bersier Wood,RRLyrae,,,,,,,,,,,,,,,,,,,,,,,,,,
39.9521,-34.3503,0.51959,21.547,0.023,21.065,0.038,0.022,Bersier Wood,RRLyrae,,,,,,,,,,,,,,,,,,,,,,,,,,
39.9567,-34.3994,0.33563,21.203,0.019,20.621,0.029,0.022,Bersier Wood,RRLyrae,,,,,,,,,,,,,,,,,,,,,,,,,,
39.9567,-34.4942,0.59366,21.42,0.025,21.125,0.038,0.022,Bersier Wood,RRLyrae,,,,,,,,,,,,,,,,,,,,,,,,,,
39.9596,-34.3889,0.37304,21.416,0.019,20.818,0.031,0.022,Bersier Wood,RRLyrae,,,,,,,,,,,,,,,,,,,,,,,,,,
39.9637,-34.3386,0.5765,21.44,0.021,20.984,0.032,0.022,Bersier Wood,RRLyrae,,,,,,,,,,,,,,,,,,,,,,,,,,
39.9637,-34.5522,0.58067,21.318,0.021,20.839,0.032,0.024,Bersier Wood,RRLyrae,,,,,,,,,,,,,,,,,,,,,,,,,,
39.9779,-34.6064,0.6034,21.495,0.022,20.897,0.034,0.025,Bersier Wood,RRLyrae,,,,,,,,,,,,,,,,,,,,,,,,,,
39.9792,-34.5503,0.62293,21.304,0.024,20.638,0.046,0.024,Bersier Wood,RRLyrae,,,,,,,,,,,,,,,,,,,,,,,,,,
39.9804,-34.3353,0.39335,21.232,0.02,20.734,0.029,0.022,Bersier Wood,RRLyrae,,,,,,,,,,,,,,,,,,,,,,,,,,
39.9808,-34.3881,0.61668,21.53,0.022,20.907,0.033,0.022,Bersier Wood,RRLyrae,,,,,,,,,,,,,,,,,,,,,,,,,,
39.9837,-34.4422,0.54987,21.674,0.024,21.052,0.04,0.02,Bersier Wood,RRLyrae,,,,,,,,,,,,,,,,,,,,,,,,,,
39.9862,-34.5808,0.63786,21.923,0.029,20.939,0.04,0.024,Bersier Wood,RRLyrae,,,,,,,,,,,,,,,,,,,,,,,,,,
39.9871,-34.6331,0.55008,21.605,0.028,20.79,0.06,0.025,Bersier Wood,RRLyrae,,,,,,,,,,,,,,,,,,,,,,,,,,
39.9883,-34.415,0.56954,21.423,0.024,20.989,0.039,0.021,Bersier Wood,RRLyrae,,,,,,,,,,,,,,,,,,,,,,,,,,
39.9925,-34.5353,0.45813,21.342,0.026,20.364,0.033,0.023,Bersier Wood,RRLyrae,,,,,,,,,,,,,,,,,,,,,,,,,,
39.9937,-34.4561,0.65118,21.297,0.027,20.695,0.054,0.02,Bersier Wood,RRLyrae,,,,,,,,,,,,,,,,,,,,,,,,,,
39.9962,-34.4236,0.29907,21.178,0.02,20.615,0.03,0.02,Bersier Wood,RRLyrae,,,,,,,,,,,,,,,,,,,,,,,,,,
39.9967,-34.4917,0.52011,25.161,0.009,18.383,0.036,0.021,Bersier Wood,RRLyrae,,,,,,,,,,,,,,,,,,,,,,,,,,
39.9983,-34.4764,0.59585,21.234,0.027,20.458,0.047,0.02,Bersier Wood,RRLyrae,,,,,,,,,,,,,,,,,,,,,,,,,,
39.9983,-34.4864,0.55411,21.118,0.02,20.342,0.024,0.021,Bersier Wood,RRLyrae,,,,,,,,,,,,,,,,,,,,,,,,,,
39.9996,-34.3761,0.58433,21.615,0.027,21.002,0.041,0.021,Bersier Wood,RRLyrae,,,,,,,,,,,,,,,,,,,,,,,,,,
40.0067,-34.4547,0.62477,21.529,0.026,20.755,0.034,0.02,Bersier Wood,RRLyrae,,,,,,,,,,,,,,,,,,,,,,,,,,
40.0075,-34.4542,0.58848,22.113,0.022,25.345,0.035,0.02,Bersier Wood,RRLyrae,,,,,,,,,,,,,,,,,,,,,,,,,,
40.0096,-34.3381,0.5791,21.431,0.028,21.049,0.062,0.022,Bersier Wood,RRLyrae,,,,,,,,,,,,,,,,,,,,,,,,,,
40.0108,-34.5453,0.60011,21.322,0.021,20.773,0.033,0.023,Bersier Wood,RRLyrae,,,,,,,,,,,,,,,,,,,,,,,,,,
40.0125,-34.5289,0.61522,21.546,0.033,20.84,0.061,0.023,Bersier Wood,RRLyrae,,,,,,,,,,,,,,,,,,,,,,,,,,
40.0142,-34.4075,0.52811,21.581,0.024,21.066,0.038,0.021,Bersier Wood,RRLyrae,,,,,,,,,,,,,,,,,,,,,,,,,,
40.0187,-34.3186,0.45653,21.436,0.023,21.014,0.035,0.021,Bersier Wood,RRLyrae,,,,,,,,,,,,,,,,,,,,,,,,,,
40.0187,-34.6161,0.55304,21.686,0.031,20.883,0.059,0.025,Bersier Wood,RRLyrae,,,,,,,,,,,,,,,,,,,,,,,,,,
40.0196,-34.4411,0.35023,21.484,0.022,21.003,0.032,0.02,Bersier Wood,RRLyrae,,,,,,,,,,,,,,,,,,,,,,,,,,
40.0208,-34.3261,0.5973,21.319,0.019,20.485,0.026,0.021,Bersier Wood,RRLyrae,,,,,,,,,,,,,,,,,,,,,,,,,,
40.0217,-34.3758,0.35402,21.214,0.018,21.393,0.039,0.02,Bersier Wood,RRLyrae,,,,,,,,,,,,,,,,,,,,,,,,,,
40.0283,-34.3919,0.52506,21.326,0.021,20.882,0.035,0.02,Bersier Wood,RRLyrae,,,,,,,,,,,,,,,,,,,,,,,,,,
40.0425,-34.5092,0.53294,21.451,0.033,20.838,0.061,0.021,Bersier Wood,RRLyrae,,,,,,,,,,,,,,,,,,,,,,,,,,
40.0479,-34.6122,0.55115,21.241,0.021,20.827,0.051,0.025,Bersier Wood,RRLyrae,,,,,,,,,,,,,,,,,,,,,,,,,,
40.0483,-34.3344,0.54071,21.516,0.024,21.087,0.034,0.021,Bersier Wood,RRLyrae,,,,,,,,,,,,,,,,,,,,,,,,,,
40.0492,-34.5206,0.61667,21.569,0.026,20.808,0.035,0.022,Bersier Wood,RRLyrae,,,,,,,,,,,,,,,,,,,,,,,,,,
40.0517,-34.5842,0.67662,21.287,0.023,20.75,0.032,0.025,Bersier Wood,RRLyrae,,,,,,,,,,,,,,,,,,,,,,,,,,
40.0533,-34.4761,0.55907,21.314,0.022,21.423,0.042,0.02,Bersier Wood,RRLyrae,,,,,,,,,,,,,,,,,,,,,,,,,,
40.0562,-34.5531,0.60289,21.555,0.025,20.822,0.038,0.024,Bersier Wood,RRLyrae,,,,,,,,,,,,,,,,,,,,,,,,,,
40.0567,-34.4564,0.56421,21.461,0.023,21.151,0.037,0.02,Bersier Wood,RRLyrae,,,,,,,,,,,,,,,,,,,,,,,,,,
40.0571,-34.6314,0.59854,21.383,0.027,20.914,0.056,0.025,Bersier Wood,RRLyrae,,,,,,,,,,,,,,,,,,,,,,,,,,
40.0612,-34.3447,0.38146,21.56,0.021,20.74,0.031,0.021,Bersier Wood,RRLyrae,,,,,,,,,,,,,,,,,,,,,,,,,,
40.0621,-34.3461,0.54185,21.345,0.023,20.94,0.034,0.021,Bersier Wood,RRLyrae,,,,,,,,,,,,,,,,,,,,,,,,,,
40.0625,-34.5889,0.58071,21.617,0.025,20.899,0.037,0.025,Bersier Wood,RRLyrae,,,,,,,,,,,,,,,,,,,,,,,,,,
40.065,-34.4172,0.56541,21.417,0.023,21.051,0.035,0.02,Bersier Wood,RRLyrae,,,,,,,,,,,,,,,,,,,,,,,,,,
40.0658,-34.4472,0.56274,21.57,0.027,21.037,0.039,0.02,Bersier Wood,RRLyrae,,,,,,,,,,,,,,,,,,,,,,,,,,
40.0662,-34.4789,0.57291,21.442,0.029,20.998,0.063,0.02,Bersier Wood,RRLyrae,,,,,,,,,,,,,,,,,,,,,,,,,,
40.0667,-34.3672,0.58346,21.284,0.019,20.752,0.04,0.02,Bersier Wood,RRLyrae,,,,,,,,,,,,,,,,,,,,,,,,,,
40.0675,-34.6133,0.35295,21.542,0.025,20.887,0.036,0.025,Bersier Wood,RRLyrae,,,,,,,,,,,,,,,,,,,,,,,,,,
40.0692,-34.4581,0.58682,21.372,0.021,20.837,0.032,0.02,Bersier Wood,RRLyrae,,,,,,,,,,,,,,,,,,,,,,,,,,
40.0692,-34.5047,0.54853,21.249,0.021,20.521,0.029,0.021,Bersier Wood,RRLyrae,,,,,,,,,,,,,,,,,,,,,,,,,,
40.0725,-34.6086,0.59565,21.44,0.022,20.801,0.032,0.025,Bersier Wood,RRLyrae,,,,,,,,,,,,,,,,,,,,,,,,,,
40.0733,-34.3661,0.61311,21.318,0.021,20.745,0.029,0.02,Bersier Wood,RRLyrae,,,,,,,,,,,,,,,,,,,,,,,,,,
40.0796,-34.3139,0.57592,21.356,0.024,20.756,0.036,0.022,Bersier Wood,RRLyrae,,,,,,,,,,,,,,,,,,,,,,,,,,
40.0804,-34.4164,0.38727,21.59,0.024,21.241,0.038,0.02,Bersier Wood,RRLyrae,,,,,,,,,,,,,,,,,,,,,,,,,,
40.0817,-34.5753,0.37822,21.332,0.024,20.886,0.035,0.024,Bersier Wood,RRLyrae,,,,,,,,,,,,,,,,,,,,,,,,,,
40.0817,-34.5872,0.38445,21.454,0.024,20.947,0.035,0.025,Bersier Wood,RRLyrae,,,,,,,,,,,,,,,,,,,,,,,,,,
40.0871,-34.3442,0.60201,21.446,0.023,21.087,0.035,0.021,Bersier Wood,RRLyrae,,,,,,,,,,,,,,,,,,,,,,,,,,
40.0875,-34.4094,0.55518,21.505,0.023,20.966,0.033,0.02,Bersier Wood,RRLyrae,,,,,,,,,,,,,,,,,,,,,,,,,,
40.09,-34.6297,0.57094,21.575,0.023,20.797,0.033,0.025,Bersier Wood,RRLyrae,,,,,,,,,,,,,,,,,,,,,,,,,,
40.0929,-34.3481,0.37146,21.366,0.02,20.736,0.033,0.021,Bersier Wood,RRLyrae,,,,,,,,,,,,,,,,,,,,,,,,,,
40.0971,-34.4408,0.55845,21.415,0.022,21.101,0.036,0.02,Bersier Wood,RRLyrae,,,,,,,,,,,,,,,,,,,,,,,,,,
40.0979,-34.5458,0.4244,21.355,0.024,20.976,0.036,0.022,Bersier Wood,RRLyrae,,,,,,,,,,,,,,,,,,,,,,,,,,
40.1012,-34.4233,0.29108,21.255,0.019,20.799,0.03,0.02,Bersier Wood,RRLyrae,,,,,,,,,,,,,,,,,,,,,,,,,,
40.1029,-34.3128,0.38704,21.206,0.021,20.772,0.031,0.022,Bersier Wood,RRLyrae,,,,,,,,,,,,,,,,,,,,,,,,,,
40.1046,-34.4764,0.57125,21.461,0.024,20.91,0.036,0.02,Bersier Wood,RRLyrae,,,,,,,,,,,,,,,,,,,,,,,,,,
40.1058,-34.4969,0.54017,21.32,0.02,21.112,0.038,0.021,Bersier Wood,RRLyrae,,,,,,,,,,,,,,,,,,,,,,,,,,
40.1062,-34.3658,0.58384,21.303,0.023,20.7,0.043,0.02,Bersier Wood,RRLyrae,,,,,,,,,,,,,,,,,,,,,,,,,,
40.1096,-34.3708,0.57372,21.399,0.029,20.923,0.062,0.02,Bersier Wood,RRLyrae,,,,,,,,,,,,,,,,,,,,,,,,,,
40.115,-34.4883,0.58344,21.394,0.028,20.832,0.058,0.021,Bersier Wood,RRLyrae,,,,,,,,,,,,,,,,,,,,,,,,,,
40.1192,-34.4644,0.53055,21.343,0.029,20.711,0.066,0.02,Bersier Wood,RRLyrae,,,,,,,,,,,,,,,,,,,,,,,,,,
40.12,-34.3708,0.54542,21.496,0.03,20.963,0.062,0.02,Bersier Wood,RRLyrae,,,,,,,,,,,,,,,,,,,,,,,,,,
40.1229,-34.3975,0.59767,21.292,0.026,20.739,0.05,0.02,Bersier Wood,RRLyrae,,,,,,,,,,,,,,,,,,,,,,,,,,
40.1229,-34.5744,0.65112,21.252,0.024,20.666,0.05,0.023,Bersier Wood,RRLyrae,,,,,,,,,,,,,,,,,,,,,,,,,,
40.1321,-34.6264,0.57857,21.423,0.023,20.859,0.052,0.024,Bersier Wood,RRLyrae,,,,,,,,,,,,,,,,,,,,,,,,,,
40.1354,-34.3836,0.57164,21.454,0.029,21.202,0.065,0.02,Bersier Wood,RRLyrae,,,,,,,,,,,,,,,,,,,,,,,,,,
40.1362,-34.5414,0.64871,21.152,0.021,20.663,0.05,0.022,Bersier Wood,RRLyrae,,,,,,,,,,,,,,,,,,,,,,,,,,
40.1383,-34.3525,0.34647,21.296,0.026,21.059,0.059,0.02,Bersier Wood,RRLyrae,,,,,,,,,,,,,,,,,,,,,,,,,,
40.1387,-34.5253,0.58205,21.446,0.029,20.81,0.057,0.022,Bersier Wood,RRLyrae,,,,,,,,,,,,,,,,,,,,,,,,,,
40.1396,-34.4325,0.59141,21.496,0.029,20.839,0.055,0.02,Bersier Wood,RRLyrae,,,,,,,,,,,,,,,,,,,,,,,,,,
40.1404,-34.6328,0.56408,21.376,0.025,20.909,0.057,0.024,Bersier Wood,RRLyrae,,,,,,,,,,,,,,,,,,,,,,,,,,
40.1412,-34.5928,0.57182,21.418,0.027,20.99,0.056,0.024,Bersier Wood,RRLyrae,,,,,,,,,,,,,,,,,,,,,,,,,,
40.1429,-34.5725,0.50226,21.52,0.028,21.087,0.066,0.023,Bersier Wood,RRLyrae,,,,,,,,,,,,,,,,,,,,,,,,,,
40.1462,-34.3742,0.6754,21.339,0.026,20.898,0.056,0.02,Bersier Wood,RRLyrae,,,,,,,,,,,,,,,,,,,,,,,,,,
40.1471,-34.4022,0.53101,21.344,0.03,20.821,0.062,0.02,Bersier Wood,RRLyrae,,,,,,,,,,,,,,,,,,,,,,,,,,
40.1487,-34.5358,0.55057,21.414,0.028,20.797,0.054,0.022,Bersier Wood,RRLyrae,,,,,,,,,,,,,,,,,,,,,,,,,,
40.1546,-34.3864,0.67336,21.418,0.026,20.902,0.054,0.02,Bersier Wood,RRLyrae,,,,,,,,,,,,,,,,,,,,,,,,,,
40.1554,-34.5847,0.57934,21.324,0.028,20.813,0.059,0.024,Bersier Wood,RRLyrae,,,,,,,,,,,,,,,,,,,,,,,,,,
40.1583,-34.3383,0.56542,21.448,0.026,20.927,0.056,0.022,Bersier Wood,RRLyrae,,,,,,,,,,,,,,,,,,,,,,,,,,
40.1587,-34.3789,0.62654,21.445,0.029,20.897,0.059,0.021,Bersier Wood,RRLyrae,,,,,,,,,,,,,,,,,,,,,,,,,,
40.1625,-34.3431,0.56709,21.417,0.028,20.956,0.058,0.022,Bersier Wood,RRLyrae,,,,,,,,,,,,,,,,,,,,,,,,,,
40.1629,-34.4561,0.53045,21.574,0.034,21.293,0.075,0.021,Bersier Wood,RRLyrae,,,,,,,,,,,,,,,,,,,,,,,,,,
40.1667,-34.4292,0.35811,21.471,0.032,21.043,0.073,0.02,Bersier Wood,RRLyrae,,,,,,,,,,,,,,,,,,,,,,,,,,
40.1667,-34.5564,0.582,21.361,0.027,20.843,0.051,0.023,Bersier Wood,RRLyrae,,,,,,,,,,,,,,,,,,,,,,,,,,
40.1712,-34.3453,0.59853,21.165,0.02,20.728,0.047,0.022,Bersier Wood,RRLyrae,,,,,,,,,,,,,,,,,,,,,,,,,,
40.1712,-34.6225,0.61214,21.347,0.025,20.724,0.048,0.024,Bersier Wood,RRLyrae,,,,,,,,,,,,,,,,,,,,,,,,,,
40.1729,-34.4044,0.55167,21.327,0.025,20.881,0.054,0.02,Bersier Wood,RRLyrae,,,,,,,,,,,,,,,,,,,,,,,,,,
40.1754,-34.6169,0.366,21.349,0.027,20.836,0.055,0.024,Bersier Wood,RRLyrae,,,,,,,,,,,,,,,,,,,,,,,,,,
40.1817,-34.5036,0.53032,21.469,0.03,21.024,0.061,0.021,Bersier Wood,RRLyrae,,,,,,,,,,,,,,,,,,,,,,,,,,
40.1833,-34.6244,0.61488,21.26,0.023,20.735,0.051,0.024,Bersier Wood,RRLyrae,,,,,,,,,,,,,,,,,,,,,,,,,,
40.1858,-34.4536,0.56902,21.358,0.026,20.845,0.06,0.021,Bersier Wood,RRLyrae,,,,,,,,,,,,,,,,,,,,,,,,,,
40.1887,-34.3458,0.54694,21.483,0.024,20.979,0.057,0.022,Bersier Wood,RRLyrae,,,,,,,,,,,,,,,,,,,,,,,,,,
40.1912,-34.5331,0.61219,21.47,0.027,20.802,0.053,0.022,Bersier Wood,RRLyrae,,,,,,,,,,,,,,,,,,,,,,,,,,
40.1921,-34.6133,0.55789,21.446,0.028,21.012,0.058,0.023,Bersier Wood,RRLyrae,,,,,,,,,,,,,,,,,,,,,,,,,,
40.1971,-34.5292,0.57589,21.468,0.03,21.003,0.062,0.022,Bersier Wood,RRLyrae,,,,,,,,,,,,,,,,,,,,,,,,,,
40.1987,-34.4703,0.55043,21.271,0.022,20.89,0.052,0.021,Bersier Wood,RRLyrae,,,,,,,,,,,,,,,,,,,,,,,,,,
40.2017,-34.4125,0.65091,21.322,0.024,20.786,0.051,0.021,Bersier Wood,RRLyrae,,,,,,,,,,,,,,,,,,,,,,,,,,
40.2037,-34.3258,0.57305,21.378,0.025,20.947,0.054,0.022,Bersier Wood,RRLyrae,,,,,,,,,,,,,,,,,,,,,,,,,,
40.2054,-34.3367,0.70548,21.2,0.022,20.552,0.047,0.022,Bersier Wood,RRLyrae,,,,,,,,,,,,,,,,,,,,,,,,,,
40.2071,-34.5631,0.55696,21.282,0.024,20.824,0.051,0.023,Bersier Wood,RRLyrae,,,,,,,,,,,,,,,,,,,,,,,,,,
40.2096,-34.4769,0.6129,21.283,0.025,20.752,0.053,0.021,Bersier Wood,RRLyrae,,,,,,,,,,,,,,,,,,,,,,,,,,
40.2117,-34.6042,0.54171,21.281,0.022,20.803,0.05,0.023,Bersier Wood,RRLyrae,,,,,,,,,,,,,,,,,,,,,,,,,,
40.2146,-34.4942,0.5915,21.402,0.027,20.882,0.058,0.021,Bersier Wood,RRLyrae,,,,,,,,,,,,,,,,,,,,,,,,,,
40.2154,-34.5428,0.55765,21.289,0.024,20.742,0.049,0.022,Bersier Wood,RRLyrae,,,,,,,,,,,,,,,,,,,,,,,,,,
40.2171,-34.3511,0.6078,21.385,0.025,20.69,0.05,0.022,Bersier Wood,RRLyrae,,,,,,,,,,,,,,,,,,,,,,,,,,
40.2175,-34.5269,0.57167,21.433,0.027,21.036,0.061,0.022,Bersier Wood,RRLyrae,,,,,,,,,,,,,,,,,,,,,,,,,,
40.2221,-34.3867,0.66879,21.255,0.022,20.711,0.046,0.022,Bersier Wood,RRLyrae,,,,,,,,,,,,,,,,,,,,,,,,,,
40.2221,-34.5036,0.57638,21.428,0.026,20.914,0.06,0.022,Bersier Wood,RRLyrae,,,,,,,,,,,,,,,,,,,,,,,,,,
40.2229,-34.32,0.61356,21.472,0.03,20.894,0.064,0.023,Bersier Wood,RRLyrae,,,,,,,,,,,,,,,,,,,,,,,,,,
40.2229,-34.5822,0.61577,21.358,0.026,20.74,0.053,0.023,Bersier Wood,RRLyrae,,,,,,,,,,,,,,,,,,,,,,,,,,
40.2254,-34.6306,0.60959,21.338,0.023,20.901,0.053,0.023,Bersier Wood,RRLyrae,,,,,,,,,,,,,,,,,,,,,,,,,,
40.2275,-34.5539,0.53862,21.567,0.038,21.077,0.081,0.023,Bersier Wood,RRLyrae,,,,,,,,,,,,,,,,,,,,,,,,,,
40.2367,-34.6181,0.61625,21.399,0.026,20.773,0.053,0.023,Bersier Wood,RRLyrae,,,,,,,,,,,,,,,,,,,,,,,,,,
40.2371,-34.4681,0.58676,21.504,0.028,20.864,0.054,0.021,Bersier Wood,RRLyrae,,,,,,,,,,,,,,,,,,,,,,,,,,
40.2433,-34.445,0.59647,21.423,0.025,20.927,0.057,0.021,Bersier Wood,RRLyrae,,,,,,,,,,,,,,,,,,,,,,,,,,
40.2462,-34.3272,0.56139,21.301,0.025,20.82,0.057,0.023,Bersier Wood,RRLyrae,,,,,,,,,,,,,,,,,,,,,,,,,,
40.2517,-34.5925,0.56508,21.381,0.026,20.818,0.055,0.023,Bersier Wood,RRLyrae,,,,,,,,,,,,,,,,,,,,,,,,,,
40.255,-34.5714,0.65264,21.488,0.026,20.791,0.053,0.023,Bersier Wood,RRLyrae,,,,,,,,,,,,,,,,,,,,,,,,,,
40.2587,-34.3617,0.57363,21.296,0.021,20.871,0.055,0.023,Bersier Wood,RRLyrae,,,,,,,,,,,,,,,,,,,,,,,,,,
40.2621,-34.6033,0.57175,21.412,0.029,20.964,0.06,0.023,Bersier Wood,RRLyrae,,,,,,,,,,,,,,,,,,,,,,,,,,
40.2633,-34.4147,0.59773,21.414,0.031,20.967,0.067,0.022,Bersier Wood,RRLyrae,,,,,,,,,,,,,,,,,,,,,,,,,,
40.2646,-34.4958,0.53578,21.474,0.029,20.984,0.066,0.022,Bersier Wood,RRLyrae,,,,,,,,,,,,,,,,,,,,,,,,,,
40.2675,-34.48,0.57956,21.296,0.025,20.764,0.051,0.021,Bersier Wood,RRLyrae,,,,,,,,,,,,,,,,,,,,,,,,,,
40.2683,-34.5875,0.54184,21.511,0.029,21.019,0.059,0.023,Bersier Wood,RRLyrae,,,,,,,,,,,,,,,,,,,,,,,,,,
40.2687,-34.3394,0.58342,21.17,0.024,20.889,0.055,0.023,Bersier Wood,RRLyrae,,,,,,,,,,,,,,,,,,,,,,,,,,
40.27,-34.3547,0.5716,21.407,0.028,20.917,0.057,0.023,Bersier Wood,RRLyrae,,,,,,,,,,,,,,,,,,,,,,,,,,
40.2746,-34.4869,0.52571,21.543,0.03,20.909,0.062,0.022,Bersier Wood,RRLyrae,,,,,,,,,,,,,,,,,,,,,,,,,,
40.2858,-34.3247,0.66306,21.364,0.026,20.891,0.053,0.023,Bersier Wood,RRLyrae,,,,,,,,,,,,,,,,,,,,,,,,,,
40.2867,-34.5547,0.61681,21.286,0.024,20.8,0.048,0.023,Bersier Wood,RRLyrae,,,,,,,,,,,,,,,,,,,,,,,,,,
40.2875,-34.3242,0.61044,21.338,0.026,20.814,0.058,0.023,Bersier Wood,RRLyrae,,,,,,,,,,,,,,,,,,,,,,,,,,
40.2975,-34.335,0.53518,21.512,0.031,20.859,0.061,0.023,Bersier Wood,RRLyrae,,,,,,,,,,,,,,,,,,,,,,,,,,
40.3062,-34.5556,0.55658,21.478,0.027,21.015,0.066,0.023,Bersier Wood,RRLyrae,,,,,,,,,,,,,,,,,,,,,,,,,,
39.5162,-34.6394,15.2283,19.478,0.007,,,0.036,Bersier Wood,Cepheid,P2C,0.483,0.012,,,,,,,,,,,,,,,,,,,,,,,
39.5496,-34.6731,1.21327,20.651,0.015,,,0.036,Bersier Wood,Cepheid,P2C,1.087,0.021,,,,,,,,,,,,,,,,,,,,,,,
39.6792,-34.8069,1.04503,19.801,0.016,,,0.031,Bersier Wood,Cepheid,AC,0.558,0.031,,,,,,,,,,,,,,,,,,,,,,,
39.7183,-34.5033,1.24968,19.905,0.007,,,0.027,Bersier Wood,Cepheid,AC,0.602,0.011,,,,,,,,,,,,,,,,,,,,,,,
39.7225,-34.5133,2.57976,19.712,0.006,,,0.027,Bersier Wood,Cepheid,P2C,0.564,0.01,,,,,,,,,,,,,,,,,,,,,,,
39.7796,-34.5544,0.50812,20.786,0.017,,,0.026,Bersier Wood,Cepheid,AC,0.774,0.025,,,,,,,,,,,,,,,,,,,,,,,
39.8621,-34.4683,2.08323,20.272,0.01,,,0.025,Bersier Wood,Cepheid,P2C,0.667,0.016,,,,,,,,,,,,,,,,,,,,,,,
39.8617,-34.5228,0.50398,20.828,0.017,,,0.024,Bersier Wood,Cepheid,AC,0.673,0.028,,,,,,,,,,,,,,,,,,,,,,,
39.8625,-34.4075,0.56965,21.052,0.019,,,0.026,Bersier Wood,Cepheid,blue,0.082,0.042,,,,,,,,,,,,,,,,,,,,,,,
39.9071,-34.6058,0.546,20.645,0.015,,,0.025,Bersier Wood,Cepheid,AC,0.725,0.024,,,,,,,,,,,,,,,,,,,,,,,
39.9229,-34.5236,0.57345,20.616,0.012,,,0.024,Bersier Wood,Cepheid,AC,0.475,0.022,,,,,,,,,,,,,,,,,,,,,,,
39.9383,-34.7206,1.14259,21.23,0.019,,,0.024,Bersier Wood,Cepheid,P2C?,0.481,0.037,,,,,,,,,,,,,,,,,,,,,,,
39.9425,-34.5003,0.92161,20.568,0.014,,,0.023,Bersier Wood,Cepheid,AC,0.786,0.023,,,,,,,,,,,,,,,,,,,,,,,
39.9687,-34.5611,1.31071,20.252,0.014,,,0.024,Bersier Wood,Cepheid,AC,0.904,0.023,,,,,,,,,,,,,,,,,,,,,,,
39.9729,-34.4092,0.61144,20.846,0.015,,,0.022,Bersier Wood,Cepheid,AC,0.656,0.026,,,,,,,,,,,,,,,,,,,,,,,
39.9783,-34.6003,0.57442,21.022,0.016,,,0.025,Bersier Wood,Cepheid,AC,0.478,0.031,,,,,,,,,,,,,,,,,,,,,,,
40.0037,-34.3128,0.41592,20.828,0.015,,,0.023,Bersier Wood,Cepheid,AC,0.476,0.025,,,,,,,,,,,,,,,,,,,,,,,
40.0112,-34.3244,0.53299,20.362,0.009,,,0.022,Bersier Wood,Cepheid,AC,0.849,0.015,,,,,,,,,,,,,,,,,,,,,,,
40.0425,-34.5367,1.33531,20.624,0.013,,,0.022,Bersier Wood,Cepheid,P2C,0.412,0.025,,,,,,,,,,,,,,,,,,,,,,,
40.0704,-34.6114,0.53294,20.84,0.014,,,0.025,Bersier Wood,Cepheid,AC,0.43,0.03,,,,,,,,,,,,,,,,,,,,,,,
40.0725,-34.34,1.19847,19.994,0.007,,,0.021,Bersier Wood,Cepheid,AC,0.608,0.011,,,,,,,,,,,,,,,,,,,,,,,
40.095,-34.4672,0.83757,20.48,0.011,,,0.02,Bersier Wood,Cepheid,AC,0.526,0.019,,,,,,,,,,,,,,,,,,,,,,,
40.2092,-34.7264,0.50578,20.826,0.015,,,0.024,Bersier Wood,Cepheid,AC,0.729,0.024,,,,,,,,,,,,,,,,,,,,,,,
40.2429,-34.7644,0.48106,20.786,0.018,,,0.024,Bersier Wood,Cepheid,AC,0.663,0.028,,,,,,,,,,,,,,,,,,,,,,,
39.5,-34.7394,,18.562,0.021,,,0.034,Bersier Wood,LPV,,1.86,0.026,,,,,,,,,,,,,,,,,,,,,,,
39.5254,-34.5219,,20.233,0.065,,,0.033,Bersier Wood,LPV,,3.765,0.07,,,,,,,,,,,,,,,,,,,,,,,
39.5525,-34.935,,18.504,0.022,,,0.033,Bersier Wood,LPV,,2.291,0.026,,,,,,,,,,,,,,,,,,,,,,,
39.5712,-34.43,,18.591,0.023,,,0.029,Bersier Wood,LPV,,2.314,0.03,,,,,,,,,,,,,,,,,,,,,,,
39.5887,-34.605,,18.335,0.021,,,0.034,Bersier Wood,LPV,,1.942,0.026,,,,,,,,,,,,,,,,,,,,,,,
39.5917,-34.8703,,17.96,0.014,,,0.032,Bersier Wood,LPV,,1.577,0.019,,,,,,,,,,,,,,,,,,,,,,,
39.5942,-34.6344,,18.731,0.023,,,0.035,Bersier Wood,LPV,,2.296,0.029,,,,,,,,,,,,,,,,,,,,,,,
39.6096,-34.4258,,18.451,0.017,,,0.029,Bersier Wood,LPV,,1.649,0.022,,,,,,,,,,,,,,,,,,,,,,,
39.6258,-34.7508,,18.324,0.017,,,0.033,Bersier Wood,LPV,,1.875,0.021,,,,,,,,,,,,,,,,,,,,,,,
39.6392,-34.4733,,18.403,0.018,,,0.029,Bersier Wood,LPV,,1.717,0.025,,,,,,,,,,,,,,,,,,,,,,,
39.6671,-34.5403,,18.249,0.017,,,0.03,Bersier Wood,LPV,,1.993,0.021,,,,,,,,,,,,,,,,,,,,,,,
39.6754,-34.7944,,18.415,0.018,,,0.031,Bersier Wood,LPV,,1.624,0.023,,,,,,,,,,,,,,,,,,,,,,,
39.6854,-34.8069,,18.545,0.053,,,0.03,Bersier Wood,LPV,,2.572,0.062,,,,,,,,,,,,,,,,,,,,,,,
39.7146,-34.5903,,18.477,0.018,,,0.029,Bersier Wood,LPV,,2.483,0.022,,,,,,,,,,,,,,,,,,,,,,,
39.7208,-34.8219,,19.699,0.043,,,0.029,Bersier Wood,LPV,,3.214,0.048,,,,,,,,,,,,,,,,,,,,,,,
39.7308,-34.8211,,17.735,0.013,,,0.029,Bersier Wood,LPV,,2.271,0.018,,,,,,,,,,,,,,,,,,,,,,,
39.7371,-34.7761,,19.793,0.047,,,0.029,Bersier Wood,LPV,,3.62,0.051,,,,,,,,,,,,,,,,,,,,,,,
39.7375,-34.7969,,18.278,0.017,,,0.029,Bersier Wood,LPV,,2.218,0.021,,,,,,,,,,,,,,,,,,,,,,,
39.7425,-34.5364,,18.385,0.019,,,0.027,Bersier Wood,LPV,,2.327,0.023,,,,,,,,,,,,,,,,,,,,,,,
39.7729,-34.5472,,18.364,0.018,,,0.026,Bersier Wood,LPV,,1.68,0.023,,,,,,,,,,,,,,,,,,,,,,,
39.7946,-34.6553,,19.635,0.07,,,0.026,Bersier Wood,LPV,,3.697,0.07,,,,,,,,,,,,,,,,,,,,,,,
39.7967,-34.8839,,17.819,0.013,,,0.029,Bersier Wood,LPV,,1.653,0.018,,,,,,,,,,,,,,,,,,,,,,,
39.7996,-34.6281,,18.31,0.019,,,0.026,Bersier Wood,LPV,,2.004,0.024,,,,,,,,,,,,,,,,,,,,,,,
39.8017,-34.5661,,18.151,0.015,,,0.025,Bersier Wood,LPV,,2.029,0.019,,,,,,,,,,,,,,,,,,,,,,,
39.8196,-34.5419,,18.108,0.014,,,0.025,Bersier Wood,LPV,,1.776,0.019,,,,,,,,,,,,,,,,,,,,,,,
39.8242,-34.9847,,18.474,0.019,,,0.03,Bersier Wood,LPV,,1.668,0.024,,,,,,,,,,,,,,,,,,,,,,,
39.8387,-34.3914,,18.185,0.017,,,0.027,Bersier Wood,LPV,,1.948,0.023,,,,,,,,,,,,,,,,,,,,,,,
39.845,-34.4692,,18.904,0.025,,,0.026,Bersier Wood,LPV,,2.705,0.031,,,,,,,,,,,,,,,,,,,,,,,
39.8471,-34.485,,18.23,0.016,,,0.025,Bersier Wood,LPV,,2.21,0.021,,,,,,,,,,,,,,,,,,,,,,,
39.8504,-34.5506,,18.491,0.02,,,0.025,Bersier Wood,LPV,,2.154,0.025,,,,,,,,,,,,,,,,,,,,,,,
39.8504,-34.6339,,18.063,0.016,,,0.025,Bersier Wood,LPV,,2.086,0.025,,,,,,,,,,,,,,,,,,,,,,,
39.8554,-34.7431,,18.31,0.019,,,0.026,Bersier Wood,LPV,,1.968,0.025,,,,,,,,,,,,,,,,,,,,,,,
39.8571,-34.7061,,18.202,0.017,,,0.025,Bersier Wood,LPV,,2.134,0.021,,,,,,,,,,,,,,,,,,,,,,,
39.8608,-34.47,,18.216,0.016,,,0.025,Bersier Wood,LPV,,1.71,0.023,,,,,,,,,,,,,,,,,,,,,,,
39.8717,-34.7681,,17.846,0.014,,,0.026,Bersier Wood,LPV,,1.535,0.018,,,,,,,,,,,,,,,,,,,,,,,
39.8742,-34.4564,,17.947,0.015,,,0.025,Bersier Wood,LPV,,2.15,0.02,,,,,,,,,,,,,,,,,,,,,,,
39.9083,-34.5147,,19.244,0.043,,,0.024,Bersier Wood,LPV,,1.062,0.093,,,,,,,,,,,,,,,,,,,,,,,
39.915,-34.3308,,18.12,0.016,,,0.024,Bersier Wood,LPV,,2.044,0.021,,,,,,,,,,,,,,,,,,,,,,,
39.92,-34.5489,,18.268,0.018,,,0.024,Bersier Wood,LPV,,2.001,0.027,,,,,,,,,,,,,,,,,,,,,,,
39.9225,-34.5611,,18.593,0.019,,,0.024,Bersier Wood,LPV,,2.054,0.031,,,,,,,,,,,,,,,,,,,,,,,
39.9325,-34.5147,,17.888,0.015,,,0.023,Bersier Wood,LPV,,1.681,0.021,,,,,,,,,,,,,,,,,,,,,,,
39.9333,-34.4361,,18.294,0.016,,,0.023,Bersier Wood,LPV,,2.101,0.021,,,,,,,,,,,,,,,,,,,,,,,
39.9379,-34.3256,,18.317,0.018,,,0.023,Bersier Wood,LPV,,1.635,0.023,,,,,,,,,,,,,,,,,,,,,,,
39.9546,-34.5231,,18.079,0.016,,,0.023,Bersier Wood,LPV,,2.14,0.021,,,,,,,,,,,,,,,,,,,,,,,
39.9642,-34.6533,,18.305,0.024,,,0.024,Bersier Wood,LPV,,1.838,0.045,,,,,,,,,,,,,,,,,,,,,,,
39.9658,-34.5556,,19.13,0.032,,,0.024,Bersier Wood,LPV,,3.411,0.035,,,,,,,,,,,,,,,,,,,,,,,
39.9717,-34.7672,,18.212,0.016,,,0.024,Bersier Wood,LPV,,1.96,0.021,,,,,,,,,,,,,,,,,,,,,,,
39.9775,-34.3783,,18.815,0.02,,,0.022,Bersier Wood,LPV,,2.479,0.024,,,,,,,,,,,,,,,,,,,,,,,
39.9942,-34.4242,,18.652,0.026,,,0.02,Bersier Wood,LPV,,2.496,0.029,,,,,,,,,,,,,,,,,,,,,,,
40.0037,-34.3786,,18.242,0.016,,,0.021,Bersier Wood,LPV,,2.44,0.019,,,,,,,,,,,,,,,,,,,,,,,
40.0054,-34.3383,,18.773,0.026,,,0.022,Bersier Wood,LPV,,2.597,0.03,,,,,,,,,,,,,,,,,,,,,,,
40.0104,-34.4617,,19.386,0.034,,,0.02,Bersier Wood,LPV,,3.107,0.04,,,,,,,,,,,,,,,,,,,,,,,
40.0112,-34.53,,19.351,0.033,,,0.023,Bersier Wood,LPV,,3.353,0.037,,,,,,,,,,,,,,,,,,,,,,,
40.0108,-34.8069,,18.51,0.021,,,0.024,Bersier Wood,LPV,,2.0,0.026,,,,,,,,,,,,,,,,,,,,,,,
40.0221,-34.5383,,19.157,0.035,,,0.022,Bersier Wood,LPV,,3.278,0.038,,,,,,,,,,,,,,,,,,,,,,,
40.0229,-34.4619,,18.507,0.019,,,0.02,Bersier Wood,LPV,,2.53,0.025,,,,,,,,,,,,,,,,,,,,,,,
40.0254,-34.4811,,18.379,0.02,,,0.02,Bersier Wood,LPV,,1.592,0.025,,,,,,,,,,,,,,,,,,,,,,,
40.0267,-34.3369,,18.331,0.018,,,0.021,Bersier Wood,LPV,,1.81,0.023,,,,,,,,,,,,,,,,,,,,,,,
40.0337,-34.4347,,18.563,0.019,,,0.02,Bersier Wood,LPV,,2.461,0.024,,,,,,,,,,,,,,,,,,,,,,,
40.0342,-34.5436,,18.905,0.03,,,0.02,Bersier Wood,LPV,,1.343,0.038,,,,,,,,,,,,,,,,,,,,,,,
40.0375,-34.5775,,18.597,0.02,,,0.024,Bersier Wood,LPV,,2.693,0.025,,,,,,,,,,,,,,,,,,,,,,,
40.0421,-34.5558,,19.413,0.054,,,0.024,Bersier Wood,LPV,,3.687,0.058,,,,,,,,,,,,,,,,,,,,,,,
40.0458,-34.4844,,18.198,0.018,,,0.021,Bersier Wood,LPV,,1.662,0.023,,,,,,,,,,,,,,,,,,,,,,,
40.0487,-34.5458,,18.454,0.022,,,0.022,Bersier Wood,LPV,,2.394,0.026,,,,,,,,,,,,,,,,,,,,,,,
40.0508,-34.5025,,18.659,0.023,,,0.021,Bersier Wood,LPV,,2.121,0.027,,,,,,,,,,,,,,,,,,,,,,,
40.0587,-34.9744,,17.379,0.012,,,0.027,Bersier Wood,LPV,,2.05,0.017,,,,,,,,,,,,,,,,,,,,,,,
40.065,-34.5675,,19.358,0.043,,,0.024,Bersier Wood,LPV,,3.208,0.046,,,,,,,,,,,,,,,,,,,,,,,
40.0712,-34.3697,,17.986,0.014,,,0.02,Bersier Wood,LPV,,1.826,0.019,,,,,,,,,,,,,,,,,,,,,,,
40.0737,-34.4597,,19.987,0.052,,,0.02,Bersier Wood,LPV,,3.345,0.056,,,,,,,,,,,,,,,,,,,,,,,
40.0792,-34.3128,,18.458,0.019,,,0.022,Bersier Wood,LPV,,2.445,0.024,,,,,,,,,,,,,,,,,,,,,,,
40.0804,-34.7039,,19.396,0.036,,,0.024,Bersier Wood,LPV,,1.135,0.048,,,,,,,,,,,,,,,,,,,,,,,
40.0829,-34.5525,,18.398,0.019,,,0.024,Bersier Wood,LPV,,2.053,0.024,,,,,,,,,,,,,,,,,,,,,,,
40.0942,-34.6769,,18.222,0.016,,,0.025,Bersier Wood,LPV,,2.052,0.021,,,,,,,,,,,,,,,,,,,,,,,
40.1042,-34.4828,,18.536,0.022,,,0.02,Bersier Wood,LPV,,2.189,0.037,,,,,,,,,,,,,,,,,,,,,,,
40.13,-34.4789,,20.062,0.034,,,0.02,Bersier Wood,LPV,,3.068,0.05,,,,,,,,,,,,,,,,,,,,,,,
40.1329,-34.3467,,18.893,0.017,,,0.021,Bersier Wood,LPV,,2.397,0.027,,,,,,,,,,,,,,,,,,,,,,,
40.1629,-34.5925,,18.847,0.017,,,0.024,Bersier Wood,LPV,,1.929,0.029,,,,,,,,,,,,,,,,,,,,,,,
40.1633,-34.9614,,18.091,0.015,,,0.026,Bersier Wood,LPV,,1.857,0.021,,,,,,,,,,,,,,,,,,,,,,,
40.1658,-34.5258,,18.178,0.014,,,0.022,Bersier Wood,LPV,,1.694,0.024,,,,,,,,,,,,,,,,,,,,,,,
40.1912,-34.5817,,17.855,0.014,,,0.023,Bersier Wood,LPV,,1.65,0.024,,,,,,,,,,,,,,,,,,,,,,,
40.2012,-34.5933,,17.375,0.013,,,0.023,Bersier Wood,LPV,,1.922,0.021,,,,,,,,,,,,,,,,,,,,,,,
40.2175,-34.6231,,18.37,0.015,,,0.023,Bersier Wood,LPV,,2.1,0.025,,,,,,,,,,,,,,,,,,,,,,,
40.2646,-34.8014,,20.412,0.097,,,0.024,Bersier Wood,LPV,,3.793,0.101,,,,,,,,,,,,,,,,,,,,,,,
40.295,-34.5308,,18.513,0.015,,,0.022,Bersier Wood,LPV,,2.107,0.025,,,,,,,,,,,,,,,,,,,,,,,
40.2979,-34.9178,,18.392,0.018,,,0.025,Bersier Wood,LPV,,2.28,0.023,,,,,,,,,,,,,,,,,,,,,,,
39.564875,-34.840639,0.4502879,21.323,0.026,,,,Braga,RRLyrae,,,,21.611,0.024,21.143,0.059,20.925,0.031,0.36726727,0.61,0.07,0.76,0.06,,,,,,,0.19,0.03,,,,
39.572042,-34.520583,0.89228848,21.408,0.028,,,,Braga,RRLyrae,,,,21.646,0.025,21.089,0.048,,,0.379218,0.56,0.05,0.68,0.06,0.64,0.34,,,,,0.19,0.02,,,,
39.574,-34.829028,0.61226688,21.341,0.022,,,,Braga,RRLyrae,,,,21.616,0.023,21.215,0.04,20.948,0.047,0.445591,0.38,0.04,0.45,0.04,,,,,0.2,0.04,0.21,0.03,,,,
39.768792,-34.116944,0.38717016,21.496,0.028,,,,Braga,RRLyrae,,,,21.819,0.026,21.36,0.216,20.937,0.061,0.397034,0.32,0.04,0.38,0.04,,,,,,,,,,,,
39.777833,-34.138028,0.53613751,21.328,0.026,,,,Braga,RRLyrae,,,,21.618,0.025,21.308,0.046,20.969,0.082,0.399472,0.5,0.06,0.68,0.06,,,,,0.3,0.05,0.42,0.04,,,,
39.83675,-34.072,0.5557318,21.376,0.033,,,,Braga,RRLyrae,,,,21.689,0.024,21.244,0.147,20.934,0.081,0.413946,0.26,0.04,0.41,0.04,,,,,0.28,0.06,0.3,0.03,,,,
39.872208,-34.020083,0.5104532,21.353,0.028,,,,Braga,RRLyrae,,,,21.627,0.026,21.163,0.086,20.901,0.066,0.373546,0.36,0.05,0.66,0.05,,,,,0.24,0.04,0.37,0.03,,,,
39.8875,-33.960306,0.46174616,21.389,0.027,,,,Braga,RRLyrae,,,,21.754,0.024,,,21.003,0.07,0.353489,0.66,0.07,0.74,0.04,,,,,,,0.25,0.03,,,,
39.899333,-34.117556,0.47121154,21.442,0.029,,,,Braga,RRLyrae,,,,21.743,0.026,21.29,0.041,21.099,0.103,0.36132912,0.39,0.05,0.56,0.05,,,,,0.48,,,,,,,
40.018208,-34.888556,0.547649,21.336,0.026,,,,Braga,RRLyrae,,,,21.518,0.019,21.074,0.101,21.054,0.098,0.409556,0.26,0.04,0.56,0.05,,,,,,,0.18,0.03,,,,
40.123792,-34.832667,0.53040093,21.346,0.024,,,,Braga,RRLyrae,,,,21.631,0.021,21.071,0.145,20.825,0.049,0.39631588,0.38,0.04,0.43,0.03,,,,,0.2,0.04,0.16,0.03,,,,
40.129625,-34.825083,0.54836918,21.247,0.025,,,,Braga,RRLyrae,,,,21.458,0.021,21.085,0.07,21.041,0.184,0.409456,0.55,0.06,0.72,0.07,,,,,0.18,0.03,0.36,0.04,,,,
40.135167,-34.860528,0.92749814,21.268,0.027,,,,Braga,RRLyrae,,,,21.543,0.023,21.124,0.215,20.997,0.038,0.390693,0.46,0.04,0.36,0.03,,,,,,,,,,,,
40.173208,-34.819694,0.45487919,21.391,0.029,,,,Braga,RRLyrae,,,,21.692,0.022,20.991,0.209,21.038,0.038,0.37556043,0.37,0.07,0.45,0.04,,,,,,,0.19,0.03,,,,
39.75375,-34.698611,0.443853,21.35,0.055,,,,Braga,RRLyrae,,,,21.691,0.029,21.216,0.024,20.911,0.187,0.390711,0.3,0.07,0.51,0.04,0.52,0.06,,,,,0.36,0.03,,,,
39.761375,-34.376111,0.504611,21.399,0.041,,,,Braga,RRLyrae,,,,21.671,0.024,21.119,0.066,20.98,0.143,0.376265,0.4,0.04,0.57,0.04,0.44,0.08,,,0.21,0.04,0.23,0.03,,,,
39.7615,-34.643611,0.538795,21.273,0.038,,,,Braga,RRLyrae,,,,21.568,0.026,21.117,0.037,20.693,0.073,0.402288,0.36,0.04,0.6,0.04,0.37,0.03,,,0.26,0.04,0.22,0.03,,,,
39.767833,-34.398722,0.518892,21.329,0.04,,,,Braga,RRLyrae,,,,21.637,0.024,21.051,0.04,20.936,0.194,0.386945,0.45,0.04,0.47,0.03,0.37,0.07,,,0.23,0.04,0.23,0.03,,,,
39.767458,-34.637389,0.5791228,21.266,0.045,,,,Braga,RRLyrae,,,,21.59,0.034,21.029,0.043,20.776,0.085,0.414201,0.41,0.04,0.55,0.06,0.33,0.05,0.2,0.08,,,0.15,0.04,,,,
39.770042,-34.338111,1.0322,21.337,0.046,,,,Braga,RRLyrae,,,,21.678,0.026,21.068,0.054,20.894,0.099,0.37757,0.58,0.05,0.52,0.04,0.44,0.07,0.41,0.12,,,0.24,0.03,,,,
39.7785,-34.36825,0.542329,21.169,0.03,,,,Braga,RRLyrae,,,,21.513,0.023,21.006,0.039,20.729,0.049,0.404526,0.34,0.03,0.44,0.03,0.32,0.07,,,0.23,0.05,0.29,0.03,,,,
39.780208,-34.55925,0.495334,21.451,0.047,,,,Braga,RRLyrae,,,,21.73,0.027,21.28,0.203,21.075,0.094,0.368629,0.49,0.07,0.47,0.04,,,0.41,0.11,0.39,0.05,0.29,0.03,,,,
39.781542,-34.450333,0.489709,21.426,0.041,,,,Braga,RRLyrae,,,,21.694,0.028,21.199,0.191,20.932,0.061,0.365162,0.54,0.04,0.52,0.04,,,,,0.23,0.05,0.44,0.03,,,,
39.78325,-34.718944,0.554887,20.932,0.037,,,,Braga,RRLyrae,,,,21.326,0.019,20.643,0.034,20.28,0.026,0.414059,0.32,0.05,0.38,0.03,0.23,0.05,,,0.17,0.04,0.19,0.02,,,,
39.78375,-34.755667,0.51232538,21.365,0.042,,,,Braga,RRLyrae,,,,21.629,0.026,21.154,0.1,20.903,0.042,0.377539,0.33,0.03,0.51,0.04,,,,,,,0.22,0.03,,,,
39.790042,-34.411111,0.559401,21.26,0.037,,,,Braga,RRLyrae,,,,21.55,0.023,20.968,0.048,20.729,0.086,0.418381,0.39,0.04,0.51,0.03,0.34,0.07,,,0.1,0.04,0.23,0.03,,,,
39.796292,-34.435444,0.516595,21.395,0.041,,,,Braga,RRLyrae,,,,21.651,0.023,21.16,0.056,20.961,0.086,0.385575,0.41,0.05,0.55,0.03,0.33,0.06,0.23,0.11,0.18,0.06,0.16,0.02,,,,
39.797542,-34.461944,0.52798839,21.348,0.051,,,,Braga,RRLyrae,,,,21.653,0.026,21.112,0.14,20.847,0.104,0.380843,0.38,0.04,0.39,0.04,,,0.35,0.08,,,0.31,0.03,,,,
39.798208,-34.6655,0.55471404,21.292,0.043,,,,Braga,RRLyrae,,,,21.625,0.024,21.15,0.123,20.795,0.091,0.41171884,0.48,0.04,0.37,0.03,,,0.36,0.1,,,,,,,,
39.804333,-34.574944,0.557393,21.267,0.036,,,,Braga,RRLyrae,,,,21.591,0.026,21.023,0.05,20.796,0.105,0.41565,0.47,0.04,0.56,0.04,0.33,0.06,0.36,0.15,0.24,0.04,0.26,0.03,,,,
39.809458,-34.380111,0.506208,21.395,0.037,,,,Braga,RRLyrae,,,,21.672,0.024,21.201,0.067,20.993,0.104,0.37742,0.42,0.04,0.54,0.03,0.31,0.07,0.53,0.12,0.23,0.04,0.23,0.03,,,,
39.816292,-34.358806,0.536982,21.411,0.064,,,,Braga,RRLyrae,,,,21.651,0.042,21.15,0.042,20.841,0.094,0.377936,0.43,0.09,0.55,0.06,0.42,0.07,0.36,0.11,0.31,0.07,0.28,0.04,,,,
39.818167,-34.462306,0.51992528,21.34,0.048,,,,Braga,RRLyrae,,,,21.663,0.027,21.185,0.046,20.969,0.082,0.387234,0.49,0.06,0.63,0.04,0.33,0.07,,,,,0.3,0.03,,,,
39.82525,-34.461889,0.497056,21.428,0.048,,,,Braga,RRLyrae,,,,21.7,0.029,21.224,0.115,20.941,0.073,0.370152,0.55,0.06,0.64,0.04,,,,,0.23,0.04,0.3,0.03,,,,
39.830917,-34.425444,0.51835669,21.298,0.037,,,,Braga,RRLyrae,,,,21.622,0.026,21.106,0.063,20.825,0.053,0.38645599,0.43,0.04,0.4,0.03,0.34,0.08,,,0.24,0.04,0.31,0.03,,,,
39.833958,-34.689028,0.54298409,21.32,0.048,,,,Braga,RRLyrae,,,,21.623,0.024,21.103,0.042,20.768,0.051,0.405049,0.33,0.05,0.49,0.04,0.32,0.06,,,0.16,0.05,0.23,0.03,,,,
39.836042,-34.363111,0.48409,21.393,0.051,,,,Braga,RRLyrae,,,,21.795,0.031,21.336,0.054,20.991,0.081,0.360673,0.61,0.06,0.53,0.04,0.54,0.09,,,0.15,0.05,0.3,0.03,,,,
39.842375,-34.515361,0.86865827,21.36,0.047,,,,Braga,RRLyrae,,,,21.65,0.026,21.132,0.045,20.835,0.101,0.379121,0.48,0.05,0.54,0.04,0.38,0.06,0.44,0.13,,,,,,,,
39.842917,-34.495944,0.50179657,21.354,0.053,,,,Braga,RRLyrae,,,,21.652,0.025,21.103,0.158,20.925,0.08,0.372578,0.51,0.04,0.52,0.04,,,0.37,0.08,0.11,0.06,0.2,0.02,,,,
39.84475,-34.580028,0.52895917,21.386,0.05,,,,Braga,RRLyrae,,,,21.664,0.028,21.201,0.062,20.945,0.193,0.394098,0.46,0.06,0.49,0.04,0.47,0.08,,,0.23,0.04,0.36,0.03,,,,
39.848792,-34.678833,0.36469755,21.251,0.047,,,,Braga,RRLyrae,,,,21.552,0.024,21.059,0.046,20.856,0.114,0.382269,0.48,0.06,0.52,0.04,0.32,0.06,,,,,0.18,0.02,,,,
39.857333,-34.555611,0.52352,21.355,0.05,,,,Braga,RRLyrae,,,,21.592,0.028,21.078,0.051,20.912,0.135,0.390365,0.48,0.05,0.63,0.05,0.39,0.07,,,0.3,0.04,0.27,0.03,,,,
39.859625,-34.651861,0.511808,21.236,0.042,,,,Braga,RRLyrae,,,,21.596,0.025,21.053,0.056,20.764,0.097,0.381021,0.34,0.05,0.42,0.03,0.33,0.07,0.43,0.11,0.13,0.04,0.26,0.03,,,,
39.860208,-34.427417,0.5391,21.329,0.039,,,,Braga,RRLyrae,,,,21.654,0.023,21.14,0.181,20.868,0.154,0.402161,0.38,0.04,0.47,0.03,,,,,0.24,0.05,0.31,0.03,,,,
39.861917,-34.565222,0.548331,21.28,0.041,,,,Braga,RRLyrae,,,,21.588,0.024,21.071,0.139,20.819,0.087,0.409301,0.34,0.05,0.45,0.04,,,,,0.16,0.06,0.25,0.03,,,,
39.885125,-34.560667,0.521803,21.315,0.046,,,,Braga,RRLyrae,,,,21.62,0.027,21.135,0.064,20.861,0.074,0.389267,0.41,0.04,0.51,0.04,0.4,0.13,0.43,0.12,0.26,0.04,0.28,0.03,,,,
39.887125,-34.611778,0.56080448,21.328,0.047,,,,Braga,RRLyrae,,,,21.64,0.026,21.163,0.047,20.836,0.051,0.409201,0.39,0.04,0.57,0.04,0.26,0.06,,,,,,,,,,
39.887958,-34.272722,0.520874,21.336,0.048,,,,Braga,RRLyrae,,,,21.693,0.025,21.105,0.041,20.838,0.083,0.389392,0.45,0.06,0.43,0.03,0.29,0.06,0.23,0.1,0.13,0.04,0.22,0.03,,,,
39.888042,-34.427444,0.560812,21.215,0.037,,,,Braga,RRLyrae,,,,21.565,0.022,21.03,0.095,20.767,0.099,0.418408,0.36,0.04,0.42,0.03,0.41,0.07,0.28,0.16,0.14,0.03,0.21,0.02,,,,
39.888042,-34.589278,0.51460542,21.254,0.043,,,,Braga,RRLyrae,,,,21.532,0.025,21.012,0.053,20.664,0.107,0.383961,0.47,0.06,0.56,0.04,0.29,0.06,0.35,0.1,0.18,0.04,0.2,0.03,,,,
39.89375,-34.38175,0.534993,21.267,0.049,,,,Braga,RRLyrae,,,,21.622,0.024,21.105,0.079,20.832,0.103,0.399223,0.4,0.06,0.45,0.03,0.34,0.17,0.42,0.12,0.16,0.04,0.22,0.03,,,,
39.894625,-34.38225,0.55631066,21.301,0.046,,,,Braga,RRLyrae,,,,21.641,0.026,21.119,0.234,20.811,0.083,0.405591,0.38,0.07,0.53,0.04,,,0.34,0.13,0.17,0.04,0.31,0.03,,,,
39.896792,-34.251917,0.5262395,21.276,0.043,,,,Braga,RRLyrae,,,,21.625,0.024,21.072,0.074,20.743,0.101,0.392755,0.41,0.04,0.39,0.03,0.31,0.06,0.42,0.1,0.17,0.05,0.18,0.03,,,,
39.897875,-34.555361,0.4990414,21.415,0.059,,,,Braga,RRLyrae,,,,21.726,0.041,21.198,0.123,20.99,0.109,0.27097496,0.46,0.07,0.58,0.05,,,,,,,,,,,,
39.89925,-34.267778,0.496261,21.447,0.058,,,,Braga,RRLyrae,,,,21.755,0.028,21.132,0.084,20.96,0.088,0.35679363,0.53,0.07,0.51,0.04,0.36,0.13,0.39,0.12,,,0.34,0.03,,,,
39.904583,-34.37375,0.51474501,21.337,0.043,,,,Braga,RRLyrae,,,,21.661,0.024,21.177,0.042,20.843,0.084,0.382051,0.46,0.04,0.48,0.03,0.32,0.05,0.28,0.08,0.18,0.05,0.31,0.03,,,,
39.905292,-34.40175,0.54366477,21.315,0.041,,,,Braga,RRLyrae,,,,21.589,0.022,21.003,0.138,20.737,0.093,0.405672,0.36,0.03,0.57,0.03,,,0.41,0.12,0.22,0.04,0.3,0.03,,,,
39.910125,-34.219083,0.49183496,21.336,0.05,,,,Braga,RRLyrae,,,,21.646,0.03,21.149,0.192,20.953,0.097,0.366929,0.55,0.05,0.53,0.05,,,,,0.2,0.05,0.36,0.04,,,,
39.909167,-34.674583,0.525143,21.272,0.048,,,,Braga,RRLyrae,,,,21.552,0.024,21.057,0.043,20.861,0.099,0.392051,0.43,0.05,0.53,0.04,0.32,0.06,0.26,0.1,0.13,0.06,0.16,0.03,,,,
39.910042,-34.631472,0.523204,21.343,0.05,,,,Braga,RRLyrae,,,,21.632,0.028,21.045,0.218,20.602,0.195,0.390472,0.4,0.07,0.53,0.04,,,,,0.14,0.04,0.31,0.03,,,,
39.914,-34.403667,0.516434,21.321,0.061,,,,Braga,RRLyrae,,,,21.663,0.027,21.175,0.215,20.792,0.136,0.385027,0.38,0.06,0.44,0.03,,,,,0.2,0.06,0.28,0.03,,,,
39.918167,-34.72475,0.486956,21.386,0.05,,,,Braga,RRLyrae,,,,21.646,0.028,21.186,0.131,20.881,0.1,0.362703,0.42,0.05,0.5,0.04,,,,,0.23,0.05,0.39,0.04,,,,
39.91925,-34.591694,0.32775335,21.414,0.068,,,,Braga,RRLyrae,,,,21.688,0.039,21.215,0.153,20.931,0.145,0.363032,0.54,0.07,0.68,0.05,,,,,0.2,0.07,0.34,0.03,,,,
39.9195,-34.652667,0.55992034,21.373,0.052,,,,Braga,RRLyrae,,,,21.627,0.025,21.148,0.057,20.849,0.102,0.415004,0.49,0.06,0.55,0.04,0.51,0.09,,,0.14,0.05,0.38,0.04,,,,
39.922417,-34.685972,0.52149973,21.38,0.047,,,,Braga,RRLyrae,,,,21.61,0.026,21.085,0.056,20.899,0.087,0.388468,0.35,0.06,0.49,0.04,0.34,0.08,,,0.34,0.07,0.42,0.03,,,,
39.922708,-34.639194,0.49298381,21.351,0.044,,,,Braga,RRLyrae,,,,21.696,0.028,21.065,0.045,20.954,0.093,0.363601,0.48,0.05,0.53,0.04,0.35,0.06,0.23,0.11,0.13,0.06,0.22,0.03,,,,
39.927083,-34.520806,0.53607576,21.256,0.059,,,,Braga,RRLyrae,,,,21.558,0.034,21.11,0.067,20.761,0.114,0.41223988,0.48,0.07,0.61,0.04,0.43,0.08,,,,,,,,,,
39.940542,-34.343194,0.4811755,21.379,0.061,,,,Braga,RRLyrae,,,,21.801,0.038,21.334,0.06,21.032,0.094,0.360766,0.51,0.06,0.5,0.04,,,,,0.21,0.06,0.35,0.05,,,,
39.9435,-34.379778,0.516916,21.299,0.061,,,,Braga,RRLyrae,,,,21.565,0.029,21.074,0.053,20.819,0.102,0.3853,0.37,0.06,0.5,0.03,0.32,0.06,0.4,0.14,0.31,0.06,0.33,0.03,,,,
39.946667,-34.3345,0.495857,21.436,0.072,,,,Braga,RRLyrae,,,,21.735,0.041,21.206,0.044,20.951,0.101,0.367036,0.36,0.07,0.52,0.05,0.37,0.05,0.27,0.1,0.27,0.07,0.33,0.04,,,,
39.952583,-34.026806,0.472949,21.5,0.074,,,,Braga,RRLyrae,,,,21.766,0.04,21.475,0.039,,,0.354431,0.33,0.07,0.56,0.04,,,,,0.26,0.08,0.31,0.04,,,,
39.953208,-34.243833,0.523369,21.328,0.065,,,,Braga,RRLyrae,,,,21.664,0.039,21.207,0.164,20.759,0.092,0.39021,0.4,0.07,0.43,0.04,,,,,0.19,0.06,0.33,0.03,,,,
39.953542,-34.246278,0.556038,21.257,0.064,,,,Braga,RRLyrae,,,,21.614,0.036,21.106,0.06,20.812,0.082,0.414907,0.51,0.07,0.54,0.04,0.45,0.07,,,0.3,0.06,0.32,0.03,,,,
39.954083,-34.521472,0.490534,21.215,0.06,,,,Braga,RRLyrae,,,,21.466,0.035,21.018,0.091,20.537,0.09,0.365262,0.26,0.06,0.31,0.04,,,0.42,0.1,0.35,0.07,0.36,0.04,,,,
39.954958,-34.246722,0.562084,21.325,0.064,,,,Braga,RRLyrae,,,,21.636,0.039,21.081,0.157,20.77,0.062,0.419208,0.4,0.06,0.47,0.04,,,,,0.32,0.06,0.3,0.03,,,,
39.955583,-34.075972,0.58747907,21.348,0.069,,,,Braga,RRLyrae,,,,21.632,0.032,21.042,0.166,20.837,0.132,0.42259045,0.28,0.07,0.54,0.05,,,,,,,0.32,0.04,,,,
39.957375,-34.467583,0.50978231,21.314,0.067,,,,Braga,RRLyrae,,,,21.593,0.047,21.127,0.177,20.898,0.202,0.379732,0.53,0.07,0.53,0.06,,,,,,,0.34,0.05,,,,
39.95725,-34.621111,0.54861092,21.294,0.046,,,,Braga,RRLyrae,,,,21.573,0.023,21.063,0.049,20.796,0.127,0.4095689,0.44,0.07,0.49,0.03,0.41,0.07,,,0.16,0.04,0.24,0.02,,,,
39.962625,-34.250333,0.586737,21.206,0.057,,,,Braga,RRLyrae,,,,21.544,0.032,21.084,0.198,20.743,0.13,0.433745,0.47,0.06,0.58,0.04,,,,,0.15,0.05,0.21,0.03,,,,
39.966,-34.450111,0.506598,21.416,0.046,,,,Braga,RRLyrae,,,,21.714,0.028,21.221,0.157,21.003,0.273,0.378564,0.52,0.05,0.63,0.05,,,,,0.33,0.05,0.35,0.03,,,,
39.97075,-34.259194,0.56043447,21.262,0.061,,,,Braga,RRLyrae,,,,21.604,0.038,21.098,0.146,20.78,0.17,0.417345,0.46,0.06,0.62,0.05,,,,,0.26,0.05,0.23,0.04,,,,
39.982375,-34.690972,0.491133,21.434,0.053,,,,Braga,RRLyrae,,,,21.619,0.026,21.266,0.045,20.977,0.104,0.365586,0.51,0.06,0.73,0.04,0.36,0.07,,,0.36,0.04,0.35,0.03,,,,
39.987958,-34.520194,1.0436019,21.182,0.059,,,,Braga,RRLyrae,,,,21.465,0.037,20.949,0.071,20.63,0.145,0.380829,0.35,0.06,0.5,0.04,0.31,0.09,,,,,,,,,,
39.987792,-34.693361,0.50909624,21.196,0.038,,,,Braga,RRLyrae,,,,21.458,0.021,20.996,0.042,20.684,0.135,0.379269,0.4,0.05,0.57,0.04,0.37,0.06,,,0.15,0.05,0.24,0.03,,,,
39.989375,-34.408667,0.497816,21.286,0.063,,,,Braga,RRLyrae,,,,21.536,0.037,20.955,0.22,20.868,0.09,0.371388,0.49,0.07,0.57,0.04,,,,,0.29,0.06,0.38,0.03,,,,
39.992792,-34.724139,0.56419862,21.249,0.043,,,,Braga,RRLyrae,,,,21.522,0.022,21.026,0.04,20.782,0.079,0.423139,0.5,0.05,0.59,0.04,0.33,0.06,0.34,0.08,0.12,0.04,0.26,0.02,,,,
40.0025,-34.503861,0.492815,21.431,0.067,,,,Braga,RRLyrae,,,,21.715,0.038,21.211,0.063,20.978,0.098,0.366304,0.56,0.07,0.65,0.06,0.34,0.08,0.53,0.14,0.2,0.06,0.35,0.04,,,,
40.002417,-34.584167,0.50018458,21.402,0.066,,,,Braga,RRLyrae,,,,21.674,0.035,21.14,0.137,20.991,0.095,0.37291456,0.34,0.06,0.53,0.04,,,,,0.22,0.06,0.25,0.03,,,,
40.004167,-34.594889,0.548969,21.025,0.048,,,,Braga,RRLyrae,,,,21.349,0.028,20.794,0.032,20.534,0.088,0.409411,0.38,0.05,0.44,0.04,0.15,0.03,,,0.18,0.05,0.3,0.03,,,,
40.004792,-34.313889,0.39583538,21.355,0.068,,,,Braga,RRLyrae,,,,21.713,0.045,20.988,0.204,20.735,0.259,0.603671,0.51,0.07,0.55,0.05,,,,,,,,,,,,
40.005292,-34.282083,0.505807,21.388,0.07,,,,Braga,RRLyrae,,,,21.677,0.038,21.207,0.116,20.866,0.155,0.37714,0.5,0.07,0.57,0.04,0.3,0.15,,,0.23,0.07,0.24,0.04,,,,
40.007917,-34.362556,0.511654,21.25,0.064,,,,Braga,RRLyrae,,,,21.539,0.039,21.026,0.106,20.83,0.095,0.381297,0.52,0.07,0.57,0.05,0.31,0.06,,,0.25,0.06,0.31,0.04,,,,
40.021417,-34.638306,0.50821,21.424,0.055,,,,Braga,RRLyrae,,,,21.679,0.028,21.193,0.161,20.969,0.098,0.378871,0.36,0.05,0.63,0.05,,,0.32,0.14,0.23,0.04,0.27,0.03,,,,
40.029167,-34.151056,0.528758,21.36,0.069,,,,Braga,RRLyrae,,,,21.681,0.041,21.261,0.281,21.014,0.044,0.393924,0.3,0.07,0.46,0.07,,,,,0.18,0.07,0.36,0.04,,,,
40.047125,-34.399139,0.51908735,21.325,0.06,,,,Braga,RRLyrae,,,,21.616,0.027,21.182,0.13,20.905,0.103,0.3871086,0.54,0.07,0.61,0.04,0.4,0.13,0.4,0.1,0.22,0.06,0.26,0.03,,,,
40.058708,-34.738361,0.53810698,21.315,0.046,,,,Braga,RRLyrae,,,,21.564,0.023,21.114,0.047,20.877,0.096,0.40148788,0.61,0.06,0.57,0.04,0.39,0.09,,,0.21,0.04,0.37,0.04,,,,
40.068125,-34.097667,0.36683687,21.31,0.066,,,,Braga,RRLyrae,,,,21.606,0.039,21.132,0.14,20.834,0.061,0.410209,0.46,0.07,0.61,0.04,,,,,0.14,0.07,0.24,0.04,,,,
40.074292,-34.21675,0.504399,21.431,0.068,,,,Braga,RRLyrae,,,,21.714,0.042,21.225,0.065,21.161,0.172,0.376014,0.44,0.07,0.49,0.05,0.45,0.09,,,0.2,0.07,0.22,0.03,,,,
40.082917,-34.355389,0.51787,21.387,0.073,,,,Braga,RRLyrae,,,,21.73,0.039,21.159,0.147,21.001,0.14,0.376716,0.52,0.08,0.59,0.05,,,,,,,0.27,0.05,,,,
40.093458,-34.650611,0.490365,21.357,0.05,,,,Braga,RRLyrae,,,,21.721,0.026,21.11,0.042,20.883,0.094,0.404928,0.4,0.05,0.44,0.03,0.38,0.04,0.33,0.09,,,0.2,0.03,,,,
40.093542,-34.484,0.33265636,21.405,0.07,,,,Braga,RRLyrae,,,,21.667,0.04,21.244,0.186,21.022,0.112,0.37179283,0.45,0.08,0.48,0.04,,,,,,,,,,,,
40.094917,-34.468583,0.504707,21.254,0.062,,,,Braga,RRLyrae,,,,21.523,0.038,21.006,0.108,20.656,0.133,0.376267,0.3,0.07,0.43,0.04,,,,,0.21,0.06,0.27,0.05,,,,
40.095917,-34.295,0.514632,21.376,0.066,,,,Braga,RRLyrae,,,,21.724,0.029,21.13,0.049,20.854,0.089,0.383653,0.45,0.06,0.44,0.03,0.39,0.09,0.24,0.1,0.17,0.05,0.24,0.03,,,,
40.096167,-34.167139,0.529809,21.31,0.063,,,,Braga,RRLyrae,,,,21.633,0.044,21.055,0.056,20.892,0.126,0.395397,0.43,0.07,0.54,0.05,0.33,0.06,,,0.19,0.07,0.23,0.05,,,,
40.097417,-34.250444,0.538134,21.334,0.065,,,,Braga,RRLyrae,,,,21.66,0.041,21.073,0.106,20.807,0.095,0.401533,0.46,0.07,0.54,0.05,0.52,0.11,,,0.3,0.06,0.36,0.03,,,,
40.09775,-34.301444,0.545653,21.287,0.063,,,,Braga,RRLyrae,,,,21.643,0.037,21.04,0.124,20.756,0.103,0.407232,0.41,0.07,0.48,0.04,0.26,0.14,,,0.17,0.07,0.22,0.04,,,,
40.099,-34.505972,0.53634153,21.326,0.065,,,,Braga,RRLyrae,,,,21.598,0.035,21.05,0.064,20.826,0.131,0.400268,0.45,0.06,0.42,0.04,0.39,0.07,,,0.29,0.07,0.24,0.03,,,,
40.118333,-34.410611,0.498289,21.269,0.06,,,,Braga,RRLyrae,,,,21.557,0.027,21.092,0.141,20.807,0.1,0.371119,0.43,0.07,0.41,0.03,,,0.47,0.11,0.18,0.06,0.37,0.03,,,,
40.1305,-34.164861,0.54690098,21.338,0.068,,,,Braga,RRLyrae,,,,21.661,0.041,21.304,0.171,20.806,0.128,0.40805539,0.36,0.07,0.5,0.05,,,,,0.24,0.07,0.32,0.06,,,,
40.132792,-34.155222,0.512545,21.393,0.067,,,,Braga,RRLyrae,,,,21.642,0.039,21.247,0.168,20.861,0.067,0.378855,0.46,0.07,0.58,0.04,,,0.21,0.04,0.2,0.06,0.29,0.03,,,,
40.133083,-34.598694,0.55081094,21.307,0.062,,,,Braga,RRLyrae,,,,21.62,0.035,21.077,0.058,20.814,0.092,0.4112957,0.41,0.06,0.51,0.04,0.27,0.06,0.44,0.08,0.15,0.06,0.17,0.04,,,,
40.134792,-34.542333,0.51783,21.389,0.071,,,,Braga,RRLyrae,,,,21.665,0.037,21.185,0.05,20.965,0.057,0.385046,0.57,0.07,0.75,0.06,0.39,0.07,0.29,0.09,0.25,0.07,0.32,0.04,,,,
40.139583,-34.312333,0.50524,21.357,0.067,,,,Braga,RRLyrae,,,,21.668,0.037,21.119,0.152,20.965,0.093,0.376352,0.4,0.07,0.53,0.04,0.31,0.18,0.27,0.1,0.13,0.06,0.24,0.03,,,,
40.13975,-34.429444,0.53177272,20.964,0.052,,,,Braga,RRLyrae,,,,21.323,0.034,20.587,0.051,20.352,0.167,0.396635,0.28,0.06,0.38,0.04,0.32,0.07,,,0.18,0.05,0.28,0.04,,,,
40.141125,-34.309417,0.571787,21.3,0.065,,,,Braga,RRLyrae,,,,21.607,0.034,21.019,0.159,20.718,0.081,0.412614,0.37,0.07,0.42,0.04,0.31,0.15,0.34,0.07,0.2,0.06,0.3,0.03,,,,
40.144833,-34.646611,0.489524,21.341,0.047,,,,Braga,RRLyrae,,,,21.653,0.025,21.161,0.027,20.875,0.084,0.364967,0.52,0.05,0.56,0.04,0.49,0.09,0.34,0.08,0.15,0.04,0.21,0.02,,,,
40.146792,-34.267194,0.48444958,21.273,0.065,,,,Braga,RRLyrae,,,,21.545,0.037,21.06,0.092,20.843,0.083,0.359952,0.36,0.07,0.51,0.04,,,0.22,0.1,0.18,0.07,0.25,0.04,,,,
40.156833,-34.468639,0.51002974,21.403,0.071,,,,Braga,RRLyrae,,,,21.664,0.035,21.237,0.059,21.043,0.112,0.37972562,0.55,0.07,0.61,0.05,0.4,0.08,,,0.22,0.07,0.2,0.03,,,,
40.162167,-34.523583,0.49455411,21.296,0.061,,,,Braga,RRLyrae,,,,21.589,0.034,21.102,0.054,20.859,0.081,0.36864,0.45,0.06,0.54,0.04,0.3,0.07,0.53,0.08,0.16,0.05,0.25,0.03,,,,
40.173,-34.624639,0.521983,21.395,0.053,,,,Braga,RRLyrae,,,,21.73,0.026,21.149,0.026,20.91,0.096,0.388316,0.48,0.06,0.59,0.04,0.43,0.04,0.32,0.14,0.16,0.06,0.38,0.03,,,,
40.173458,-34.581222,0.52670853,21.481,0.077,,,,Braga,RRLyrae,,,,21.737,0.037,21.236,0.047,20.921,0.065,0.392743,0.41,0.08,0.55,0.05,0.48,0.08,,,0.28,0.08,0.34,0.03,,,,
40.191083,-34.602139,0.553059,21.32,0.066,,,,Braga,RRLyrae,,,,21.67,0.033,21.057,0.053,20.815,0.111,0.412474,0.48,0.08,0.57,0.05,0.4,0.06,0.56,0.16,0.28,0.06,0.39,0.04,,,,
40.196458,-34.223583,0.555996,21.357,0.072,,,,Braga,RRLyrae,,,,21.61,0.036,21.054,0.125,20.811,0.046,0.414848,0.27,0.07,0.44,0.04,0.46,0.16,,,0.13,0.07,0.25,0.03,,,,
40.20225,-34.494389,0.54165,21.264,0.059,,,,Braga,RRLyrae,,,,21.554,0.031,21.063,0.059,20.836,0.08,0.404115,0.43,0.07,0.48,0.03,0.28,0.07,0.32,0.08,0.21,0.06,0.29,0.03,,,,
40.216458,-34.533667,0.498119,21.41,0.066,,,,Braga,RRLyrae,,,,21.72,0.033,21.151,0.064,20.972,0.063,0.370932,0.5,0.06,0.56,0.05,0.37,0.06,0.38,0.08,0.27,0.07,0.36,0.04,,,,
40.217958,-34.139806,0.54971323,21.363,0.071,,,,Braga,RRLyrae,,,,21.666,0.042,21.162,0.111,20.772,0.078,0.412955,0.27,0.07,0.49,0.06,,,0.31,0.25,,,,,,,,
40.224083,-34.311167,0.487233,21.37,0.07,,,,Braga,RRLyrae,,,,21.652,0.035,21.221,0.063,20.916,0.079,0.362768,0.45,0.07,0.58,0.05,0.3,0.14,,,0.37,0.06,0.46,0.04,,,,
40.228708,-33.999028,0.5617074,21.284,0.07,,,,Braga,RRLyrae,,,,21.589,0.033,,,20.922,0.023,0.408014,0.55,0.08,0.6,0.06,,,,,,,,,,,,
40.229083,-33.96375,0.53191,21.339,0.061,,,,Braga,RRLyrae,,,,21.637,0.024,,,20.898,0.055,0.383964,0.39,0.08,0.53,0.04,,,,,0.21,0.04,0.28,0.03,,,,
40.235458,-34.140611,0.49306662,21.42,0.074,,,,Braga,RRLyrae,,,,21.734,0.047,21.395,0.121,20.979,0.077,0.36752424,0.58,0.08,0.66,0.07,,,,,0.34,0.07,0.44,0.06,,,,
40.242583,-34.269306,0.523418,21.297,0.067,,,,Braga,RRLyrae,,,,21.597,0.033,21.086,0.144,20.84,0.079,0.390698,0.42,0.07,0.57,0.05,0.35,0.12,0.29,0.09,0.18,0.07,0.22,0.03,,,,
40.245792,-33.960639,0.540367,21.337,0.059,,,,Braga,RRLyrae,,,,21.643,0.023,,,20.942,0.052,0.402273,0.35,0.04,0.49,0.04,,,,,,,0.25,0.03,,,,
40.24725,-34.311194,0.5049,21.473,0.075,,,,Braga,RRLyrae,,,,21.831,0.04,21.145,0.176,20.95,0.095,0.376046,0.37,0.08,0.41,0.04,,,0.36,0.08,0.24,0.07,0.53,0.04,,,,
40.263333,-34.11525,0.54737635,21.424,0.069,,,,Braga,RRLyrae,,,,21.773,0.031,21.117,0.189,20.922,0.059,0.396154,0.36,0.07,0.41,0.04,,,0.25,0.11,0.27,0.07,0.43,0.03,,,,
40.267583,-34.220917,0.551835,21.331,0.069,,,,Braga,RRLyrae,,,,21.632,0.037,21.014,0.194,20.827,0.134,0.411924,0.41,0.07,0.49,0.04,,,,,0.29,0.07,0.28,0.03,,,,
40.271417,-34.32525,0.54750661,21.255,0.062,,,,Braga,RRLyrae,,,,21.599,0.034,20.959,0.178,20.744,0.126,0.40852607,0.38,0.06,0.47,0.04,,,,,0.23,0.06,0.19,0.03,,,,
40.279375,-34.199583,0.50599117,21.376,0.062,,,,Braga,RRLyrae,,,,21.666,0.026,21.12,0.08,20.782,0.069,0.381963,0.43,0.07,0.48,0.04,,,,,,,0.21,0.02,,,,
40.279917,-34.343778,0.489733,21.519,0.072,,,,Braga,RRLyrae,,,,21.753,0.028,21.347,0.215,21.113,0.111,0.364928,0.51,0.07,0.58,0.04,,,0.38,0.14,0.15,0.06,0.25,0.02,,,,
40.286667,-34.130889,0.512813,21.434,0.071,,,,Braga,RRLyrae,,,,21.675,0.038,21.162,0.136,21.159,0.058,0.375159,0.42,0.07,0.58,0.06,,,,,,,0.37,0.05,,,,
40.2885,-34.306667,0.495735,21.358,0.07,,,,Braga,RRLyrae,,,,21.632,0.036,21.163,0.23,20.944,0.148,0.36918643,0.45,0.07,0.49,0.04,,,,,0.26,0.07,0.33,0.04,,,,
40.295333,-34.320194,0.48870072,21.387,0.071,,,,Braga,RRLyrae,,,,21.691,0.038,21.134,0.05,20.953,0.139,0.36504705,0.4,0.07,0.46,0.05,0.54,0.15,,,,,0.28,0.03,,,,
40.315708,-34.113111,0.532656,21.272,0.062,,,,Braga,RRLyrae,,,,21.619,0.035,21.225,0.045,21.009,0.049,0.408479,0.41,0.06,0.51,0.04,,,,,0.19,0.06,0.26,0.03,,,,
40.322208,-34.040861,0.54860859,21.303,0.061,,,,Braga,RRLyrae,,,,21.627,0.035,21.331,0.029,21.011,0.094,0.39456124,0.5,0.06,0.61,0.05,,,,,,,,,,,,
40.381167,-34.518889,0.498909,21.473,0.073,,,,Braga,RRLyrae,,,,21.724,0.065,21.19,0.139,21.094,0.025,0.364732,0.56,0.07,0.71,0.08,,,,,0.37,0.06,0.44,0.05,,,,
40.381375,-34.575,0.56570305,21.311,0.067,,,,Braga,RRLyrae,,,,21.592,0.058,21.196,0.099,20.96,0.033,0.421108,0.55,0.07,0.58,0.08,,,,,,,0.41,0.04,,,,
39.6665,-34.369444,0.525393,21.371,0.025,,,,Braga,RRLyrae,,,,21.668,0.025,21.166,0.046,20.981,0.063,0.39112,0.45,0.04,0.52,0.04,0.34,0.06,,,0.19,0.03,0.28,0.03,,,,
39.68525,-34.411083,0.542012,21.369,0.024,,,,Braga,RRLyrae,,,,21.693,0.023,21.128,0.039,20.869,0.114,0.404844,0.25,0.03,0.35,0.03,0.23,0.05,,,0.16,0.02,0.23,0.02,,,,
39.691458,-34.447444,0.535505,21.408,0.029,,,,Braga,RRLyrae,,,,21.698,0.025,21.142,0.045,20.969,0.086,0.399086,0.52,0.05,0.59,0.04,0.31,0.06,,,0.29,0.03,0.39,0.03,,,,
39.712083,-34.363028,0.55496,21.399,0.037,,,,Braga,RRLyrae,,,,21.708,0.025,21.179,0.045,20.996,0.085,0.413713,0.37,0.04,0.44,0.03,0.24,0.05,,,0.28,0.04,0.33,0.03,,,,
39.714042,-34.580944,0.518103,21.453,0.041,,,,Braga,RRLyrae,,,,21.693,0.024,21.172,0.045,20.978,0.065,0.386494,0.39,0.05,0.57,0.04,0.34,0.06,,,0.31,0.05,0.3,0.03,,,,
39.715083,-34.699333,0.484608,21.382,0.046,,,,Braga,RRLyrae,,,,21.739,0.03,21.29,0.017,21.005,0.089,0.360833,0.54,0.05,0.57,0.04,0.41,0.05,,,0.28,0.05,0.37,0.03,,,,
39.722375,-34.571778,0.52188577,21.341,0.045,,,,Braga,RRLyrae,,,,21.705,0.036,21.117,0.144,20.845,0.092,0.38912207,0.35,0.04,0.55,0.05,,,,,0.27,0.03,0.28,0.04,,,,
39.723708,-34.448583,0.54496,21.38,0.049,,,,Braga,RRLyrae,,,,21.738,0.029,21.088,0.039,20.806,0.106,0.406546,0.42,0.06,0.46,0.04,0.4,0.07,,,0.25,0.05,0.24,0.03,,,,
39.732875,-34.246667,0.497269,21.382,0.048,,,,Braga,RRLyrae,,,,21.759,0.028,21.313,0.049,21.047,0.122,0.370655,0.52,0.04,0.4,0.03,0.25,0.08,,,0.35,0.06,0.46,0.04,,,,
39.734375,-34.584806,0.54408131,21.289,0.037,,,,Braga,RRLyrae,,,,21.562,0.024,21.064,0.043,20.804,0.04,0.405972,0.46,0.04,0.63,0.04,0.4,0.07,,,0.18,0.04,0.28,0.03,,,,
39.745792,-34.257528,0.526023,21.366,0.042,,,,Braga,RRLyrae,,,,21.646,0.024,21.14,0.15,20.964,0.098,0.391799,0.38,0.04,0.49,0.03,,,,,0.18,0.04,0.29,0.03,,,,
39.56475,-34.656333,0.540951,21.31,0.021,,,,Braga,RRLyrae,,,,21.575,0.026,20.992,0.037,,,0.406301,0.32,0.03,0.5,0.04,,,,,,,0.3,0.03,,,,
39.576542,-34.71125,0.41139512,21.342,0.021,,,,Braga,RRLyrae,,,,21.637,0.023,21.045,0.006,21.036,0.229,0.361362,0.62,0.06,0.72,0.05,,,,,,,0.22,0.03,,,,
39.577917,-34.492528,0.62511173,21.34,0.02,,,,Braga,RRLyrae,,,,21.643,0.023,21.074,0.064,,,0.39806617,0.33,0.04,0.57,0.04,,,,,,,,,,,,
39.5785,-34.536556,,21.229,0.024,,,,Braga,RRLyrae,,,,21.611,0.025,20.889,0.111,,,0.411623,0.5,0.05,0.53,0.04,,,,,,,,,,,,
39.578917,-34.774389,0.46901725,21.392,0.02,,,,Braga,RRLyrae,,,,21.691,0.025,20.907,0.02,20.828,0.09,0.383798,0.6,0.05,0.69,0.06,,,,,,,,,,,,
39.601208,-34.607833,0.54014434,21.352,0.019,,,,Braga,RRLyrae,,,,21.657,0.025,21.106,0.03,20.837,0.017,0.401489,0.49,0.04,0.54,0.03,,,,,,,0.26,0.03,,,,
39.601292,-34.661417,0.54169399,21.375,0.019,,,,Braga,RRLyrae,,,,21.73,0.022,21.162,0.013,20.887,0.027,0.415165,0.46,0.04,0.56,0.05,,,,,,,,,,,,
39.603333,-34.717028,,21.322,0.025,,,,Braga,RRLyrae,,,,21.595,0.025,21.122,0.244,20.998,0.041,0.349204,0.44,0.04,0.56,0.05,,,,,,,,,,,,
39.608458,-34.777306,0.48139164,21.406,0.02,,,,Braga,RRLyrae,,,,21.684,0.024,21.314,0.15,20.859,0.055,0.39359786,0.5,0.04,0.75,0.06,,,,,0.14,0.02,0.22,0.03,,,,
39.614667,-34.489222,1.04990253,21.38,0.023,,,,Braga,RRLyrae,,,,21.573,0.022,21.138,0.04,20.824,0.091,0.375746,0.41,0.03,0.61,0.04,0.39,0.07,,,,,,,,,,
39.623167,-34.901944,,21.392,0.026,,,,Braga,RRLyrae,,,,21.638,0.027,21.059,0.022,20.711,0.045,0.43230322,0.37,0.04,0.46,0.04,,,,,,,,,,,,
39.631,-34.683167,,21.338,0.028,,,,Braga,RRLyrae,,,,21.638,0.029,21.295,0.046,20.979,0.051,0.393839,0.46,0.05,0.55,0.05,,,,,,,,,,,,
39.647458,-34.598389,0.50276095,21.429,0.027,,,,Braga,RRLyrae,,,,21.715,0.022,21.195,0.047,21.095,0.093,0.37323,0.48,0.04,0.48,0.03,0.4,0.08,,,0.11,0.03,0.17,0.02,,,,
39.668958,-34.51475,0.562136,21.291,0.028,,,,Braga,RRLyrae,,,,21.55,0.023,21.059,0.04,20.788,0.121,0.418882,0.42,0.04,0.52,0.04,0.28,0.07,,,0.18,0.03,0.31,0.03,,,,
39.675458,-34.812278,0.49684641,21.462,0.026,,,,Braga,RRLyrae,,,,21.763,0.024,21.367,0.101,20.812,0.074,0.37030895,0.56,0.04,0.58,0.04,,,,,0.18,0.04,0.19,0.03,,,,
39.68,-34.136944,0.48468904,21.38,0.021,,,,Braga,RRLyrae,,,,21.636,0.022,21.186,0.134,21.046,0.076,0.36630189,0.49,0.05,0.54,0.04,,,0.26,0.07,,,,,,,,
39.677833,-34.805806,,21.217,0.042,,,,Braga,RRLyrae,,,,21.498,0.035,21.138,0.179,20.741,0.083,0.42283054,0.62,0.07,0.48,0.06,,,,,,,,,,,,
39.680667,-34.815611,0.4725713,21.401,0.027,,,,Braga,RRLyrae,,,,21.656,0.026,21.28,0.137,20.969,0.093,0.38148519,0.42,0.04,0.45,0.04,,,,,0.16,0.03,0.19,0.02,,,,
39.681167,-34.792889,0.61408583,21.367,0.024,,,,Braga,RRLyrae,,,,21.649,0.024,21.148,0.046,20.862,0.055,0.36012419,0.44,0.04,0.57,0.04,0.44,0.08,,,,,0.35,0.03,,,,
39.682375,-34.690222,0.522916,21.389,0.026,,,,Braga,RRLyrae,,,,21.674,0.024,21.173,0.017,20.88,0.1,0.389963,0.42,0.04,0.52,0.04,0.33,0.04,,,0.28,0.03,0.28,0.03,,,,
39.683833,-34.709972,0.50009687,21.4,0.026,,,,Braga,RRLyrae,,,,21.687,0.023,21.242,0.017,20.847,0.076,0.372129,0.41,0.03,0.59,0.04,0.39,0.04,,,0.08,0.02,0.09,0.02,,,,
39.696917,-34.575389,0.54364363,21.293,0.029,,,,Braga,RRLyrae,,,,21.607,0.023,21.047,0.041,20.832,0.076,0.405956,0.38,0.03,0.44,0.03,0.37,0.06,0.24,0.09,0.19,0.04,0.13,0.02,,,,
39.704958,-34.579611,0.52892015,21.36,0.03,,,,Braga,RRLyrae,,,,21.708,0.023,21.189,0.149,20.86,0.071,0.395865,0.52,0.04,0.43,0.03,,,,,0.2,0.03,0.23,0.03,,,,
39.732417,-34.852056,0.50105805,21.533,0.03,,,,Braga,RRLyrae,,,,21.884,0.025,21.262,0.134,21.125,0.085,0.372926,0.32,0.03,0.38,0.04,,,,,0.17,0.04,0.26,0.05,,,,
39.760583,-34.489417,0.51024161,21.495,0.033,,,,Braga,RRLyrae,,,,21.749,0.029,21.21,0.049,20.942,0.12,0.380269,0.37,0.05,0.42,0.04,0.36,0.07,0.44,0.13,0.22,0.04,0.39,0.03,,,,
39.794042,-34.860889,0.52892004,21.355,0.024,,,,Braga,RRLyrae,,,,21.547,0.023,21.158,0.045,20.991,0.046,0.394805,0.51,0.04,0.66,0.05,0.35,0.08,,,0.12,0.03,0.16,0.02,,,,
39.808875,-34.811472,0.54827,21.218,0.025,,,,Braga,RRLyrae,,,,21.571,0.023,21.08,0.145,20.796,0.087,0.409147,0.63,0.05,0.52,0.04,,,,,0.14,0.02,0.37,0.03,,,,
39.853208,-34.80225,0.46754391,21.368,0.028,,,,Braga,RRLyrae,,,,21.703,0.023,21.173,0.215,21.002,0.148,0.38167015,0.41,0.04,0.49,0.04,,,,,,,,,,,,
39.901375,-34.152556,0.31746207,21.41,0.029,,,,Braga,RRLyrae,,,,21.795,0.027,21.188,0.199,20.931,0.082,0.406427,0.41,0.05,0.28,0.03,,,,,,,0.23,0.03,,,,
39.968333,-34.598278,0.52105,21.305,0.065,,,,Braga,RRLyrae,,,,21.596,0.036,21.068,0.025,20.692,0.133,0.388272,0.38,0.07,0.55,0.04,0.32,0.03,,,0.28,0.06,0.32,0.03,,,,
39.989292,-34.7795,0.36054907,21.367,0.029,,,,Braga,RRLyrae,,,,21.623,0.022,21.079,0.175,20.935,0.114,0.4267941,0.23,0.04,0.43,0.04,,,,,,,,,,,,
40.014917,-34.783222,,21.323,0.023,,,,Braga,RRLyrae,,,,21.661,0.028,21.124,0.044,20.778,0.062,0.3667937,0.44,0.05,0.55,0.05,0.42,0.07,,,,,,,,,,
40.015833,-34.809556,0.50959744,21.422,0.022,,,,Braga,RRLyrae,,,,21.72,0.022,21.152,0.182,21.016,0.037,0.37955971,0.35,0.04,0.38,0.03,,,,,0.25,0.03,0.19,0.03,,,,
40.304042,-34.586556,0.49573824,21.416,0.071,,,,Braga,RRLyrae,,,,21.726,0.065,21.178,0.046,20.995,0.087,0.369059,0.35,0.07,0.41,0.06,0.25,0.06,0.24,0.11,0.29,0.07,0.29,0.06,,,,
40.323125,-34.228306,0.491223,21.497,0.075,,,,Braga,RRLyrae,,,,21.818,0.042,21.006,0.079,20.847,0.101,0.367449,0.45,0.07,0.5,0.06,,,,,0.31,0.07,0.39,0.04,,,,
40.340125,-34.310389,0.5172849,21.377,0.073,,,,Braga,RRLyrae,,,,21.68,0.067,21.225,0.186,20.86,0.106,0.39600951,0.41,0.08,0.59,0.07,,,,,,,,,,,,
40.40725,-34.255528,0.55074339,21.23,0.064,,,,Braga,RRLyrae,,,,21.526,0.066,21.038,0.023,20.771,0.136,0.4102121,0.52,0.07,0.76,0.1,,,,,0.24,0.06,0.35,0.03,,,,
40.525083,-34.176028,0.46911272,21.336,0.072,,,,Braga,RRLyrae,,,,21.569,0.071,,,,,0.34995409,0.42,0.07,0.59,0.08,,,,,0.23,0.07,0.27,0.08,,,,
40.579542,-34.425806,0.318879,21.251,0.056,,,,Braga,RRLyrae,,,,21.56,0.061,,,,,0.371955,0.44,0.05,0.55,0.06,,,,,0.17,0.06,0.26,0.05,,,,
39.717417,-34.382417,0.507198,21.388,0.038,,,,Braga,RRLyrae,,,,21.645,0.025,21.209,0.051,20.913,0.075,0.377945,0.52,0.04,0.58,0.03,0.32,0.07,,,0.27,0.04,0.31,0.03,,,,
39.750625,-34.702306,0.54304,21.414,0.043,,,,Braga,RRLyrae,,,,21.659,0.025,21.213,0.017,20.947,0.055,0.404827,0.29,0.04,0.48,0.04,0.37,0.04,,,0.34,0.04,0.38,0.03,,,,
39.776708,-34.702,0.517695,21.399,0.054,,,,Braga,RRLyrae,,,,21.675,0.025,21.161,0.05,20.912,0.083,0.386061,0.47,0.06,0.61,0.04,0.47,0.08,,,0.24,0.05,0.23,0.03,,,,
39.806625,-34.405889,0.53064,21.38,0.043,,,,Braga,RRLyrae,,,,21.623,0.026,21.141,0.054,20.925,0.116,0.396022,0.37,0.05,0.61,0.04,0.3,0.06,,,0.22,0.05,0.26,0.03,,,,
39.811833,-34.810944,0.50488135,21.347,0.025,,,,Braga,RRLyrae,,,,21.612,0.024,21.299,0.1,21.047,0.064,0.375972,0.64,0.06,0.79,0.06,,,,,0.15,0.03,0.21,0.03,,,,
39.49875,-34.595972,0.34802007,21.19,0.016,,,,Braga,RRLyrae,,,,21.525,0.04,,,,,0.41229921,0.51,0.05,0.67,0.11,,,,,0.32,0.04,,,,,,
39.842167,-34.335944,0.508652,21.375,0.046,,,,Braga,RRLyrae,,,,21.645,0.026,21.119,0.049,20.97,0.105,0.37935,0.51,0.05,0.55,0.04,0.4,0.07,,,0.19,0.04,0.32,0.03,,,,
40.084708,-34.705361,0.54876353,21.218,0.041,,,,Braga,RRLyrae,,,,21.584,0.024,20.945,0.037,20.576,0.073,0.409906,0.38,0.04,0.58,0.04,0.33,0.05,,,,,0.16,0.02,,,,
40.086458,-34.900028,0.52130098,21.288,0.026,,,,Braga,RRLyrae,,,,21.577,0.024,21.066,0.04,20.838,0.079,0.38647075,0.46,0.05,0.38,0.04,0.62,0.18,,,,,0.14,0.02,,,,
40.201042,-34.820028,0.44621128,21.37,0.03,,,,Braga,RRLyrae,,,,21.54,0.024,21.208,0.134,21.065,0.043,0.36011565,0.51,0.06,0.69,0.07,,,,,0.28,0.04,0.29,0.03,,,,
39.92175,-34.323889,0.544996,21.276,0.061,,,,Braga,RRLyrae,,,,21.665,0.035,21.088,0.036,20.773,0.085,0.406685,0.38,0.06,0.42,0.04,0.31,0.05,,,0.15,0.06,0.25,0.04,,,,
40.01925,-34.318833,0.538724,21.403,0.074,,,,Braga,RRLyrae,,,,21.713,0.04,21.207,0.036,20.907,0.088,0.401993,0.39,0.08,0.47,0.04,0.37,0.07,0.32,0.1,,,0.24,0.05,,,,
40.057292,-34.631472,,21.461,0.059,,,,Braga,RRLyrae,,,,21.681,0.026,21.268,0.059,20.888,0.103,0.374923,0.46,0.07,0.54,0.04,0.42,0.07,0.32,0.12,,,,,,,,
40.140875,-34.632778,0.385062,21.327,0.05,,,,Braga,RRLyrae,,,,21.633,0.028,21.121,0.045,20.841,0.058,0.543972,0.35,0.04,0.56,0.04,,,,,,,0.33,0.03,,,,
40.141333,-34.592806,0.49146084,21.411,0.068,,,,Braga,RRLyrae,,,,21.741,0.039,21.15,0.145,20.937,0.096,0.36612284,0.39,0.08,0.33,0.04,,,,,0.27,0.06,0.29,0.04,,,,
40.1465,-34.374444,0.548637,21.246,0.06,,,,Braga,RRLyrae,,,,21.554,0.027,21.101,0.151,20.808,0.078,0.409558,0.45,0.07,0.51,0.03,,,0.44,0.08,0.17,0.06,0.22,0.03,,,,
40.209208,-34.7265,0.70601409,20.81,0.03,,,,Braga,RRLyrae,,,,21.195,0.017,20.507,0.03,20.347,0.078,0.52689212,0.42,0.05,0.43,0.03,0.46,0.1,,,0.14,0.03,0.2,0.02,,,,
39.359148675119386,-34.68664522458764,0.9654801970894626,,,,,,Gaia,RRLyrae,,,,,,,,,,,,,,,,,,,,,,,20.125057220458984,20.188068389892575,19.43610000610352,0.7293949127197266
39.53022464142409,-34.85643697788188,0.4871532021100461,,,,,,Gaia,RRLyrae,,,,,,,,,,,,,,,,,,,,,,,20.365596771240234,20.371313095092773,20.08039093017578,0.2611293792724609
39.74595010955122,-34.3357019462011,0.6629742119473261,,,,,,Gaia,RRLyrae,,,,,,,,,,,,,,,,,,,,,,,20.526721954345703,,,0.8962841033935547
39.77506906568405,-34.50053389164413,,,,,,,Gaia,RRLyrae,,,,,,,,,,,,,,,,,,,,,,,20.605512619018555,20.311359405517575,19.30452537536621,0.9936237335205078
39.80951301247788,-34.323897358241624,,,,,,,Gaia,RRLyrae,,,,,,,,,,,,,,,,,,,,,,,20.80146789550781,20.64354515075684,20.033246994018555,0.5591964721679688
39.8177778434832,-34.40114619975032,0.5543225450938517,,,,,,Gaia,RRLyrae,,,,,,,,,,,,,,,,,,,,,,,20.8682918548584,,,0.0405998229980468
39.82246992038019,-34.77671233602462,0.4931983987747576,,,,,,Gaia,RRLyrae,,,,,,,,,,,,,,,,,,,,,,,20.475725173950195,20.440147399902344,19.950166702270508,0.3641242980957031
39.88852936272337,-34.03372494704404,0.5922167794359958,,,,,,Gaia,RRLyrae,,,,,,,,,,,,,,,,,,,,,,,19.967758178710938,19.918174743652344,19.47268295288086,0.2841529846191406
39.95325068121703,-34.26174566508598,,,,,,,Gaia,RRLyrae,,,,,,,,,,,,,,,,,,,,,,,20.591920852661133,,,0.2806320190429687
40.04860776210966,-34.30087110116871,0.5039329191851567,,,,,,Gaia,RRLyrae,,,,,,,,,,,,,,,,,,,,,,,20.327699661254883,20.315034866333008,19.77996635437012,0.4728260040283203
40.07767028960989,-34.25355856510415,0.8273347818548958,,,,,,Gaia,RRLyrae,,,,,,,,,,,,,,,,,,,,,,,20.08006858825684,20.15474319458008,19.50236701965332,0.4864540100097656
40.20202954857941,-34.292512521354745,0.5910043458347974,,,,,,Gaia,RRLyrae,,,,,,,,,,,,,,,,,,,,,,,20.09430503845215,20.20376968383789,19.54080009460449,0.505126953125
40.20569990163159,-34.33679380539272,0.5619894649519652,,,,,,Gaia,RRLyrae,,,,,,,,,,,,,,,,,,,,,,,20.961631774902344,,,0.1873931884765625
40.4541847971949,-34.065911241043764,0.777765889985308,,,,,,Gaia,RRLyrae,,,,,,,,,,,,,,,,,,,,,,,20.761699676513672,20.36593437194824,18.956809997558597,0.5836334228515625
39.94713438890217,-35.22280919439741,344.0669985271197,,,,,,Gaia,LPV,O-rich Star,,,,,,,,,,,,,,,,,,,,,,13.978967666625977,14.888110160827637,13.043734550476074,1.8443756103515625
40.05922431155184,-34.974525169438785,96.3467483370064,,,,,,Gaia,LPV,CStar,,,,,,,,,,,,,,,,,,,,,,16.630084991455078,17.648990631103516,15.622291564941406,2.0266990661621094
39.731093667468514,-34.8212998734477,,,,,,,Gaia,LPV,O-rich Star,,,,,,,,,,,,,,,,,,,,,,16.78711700439453,17.980379104614258,15.715837478637695,2.2645416259765625
39.73748433744038,-34.776124140681894,,,,,,,Gaia,LPV,CStar,,,,,,,,,,,,,,,,,,,,,,17.99854278564453,19.775739669799805,16.748233795166016,3.027505874633789
39.37211132010084,-34.827278594812995,238.4967433661654,,,,,,Gaia,LPV,CStar,,,,,,,,,,,,,,,,,,,,,,17.736242294311523,19.065223693847656,16.593311309814453,2.471912384033203
40.0975920083159,-34.722941694923044,217.2207789665188,,,,,,Gaia,LPV,CStar,,,,,,,,,,,,,,,,,,,,,,17.415990829467773,18.71170425415039,16.2970027923584,2.414701461791992
40.05196984535728,-34.65160975440666,,,,,,,Gaia,LPV,O-rich Star,,,,,,,,,,,,,,,,,,,,,,17.466421127319336,18.71261215209961,16.378707885742188,2.333904266357422
40.28458553491118,-34.59792382727458,,,,,,,Gaia,LPV,CStar,,,,,,,,,,,,,,,,,,,,,,17.578210830688477,18.935508728027344,16.431663513183594,2.50384521484375
40.21766763261018,-34.6230778636626,240.7859200700253,,,,,,Gaia,LPV,CStar,,,,,,,,,,,,,,,,,,,,,,17.60663604736328,18.85721778869629,16.50674057006836,2.3504772186279297
40.201666733022655,-34.593493419274445,235.31216873689323,,,,,,Gaia,LPV,CStar,,,,,,,,,,,,,,,,,,,,,,16.739849090576172,17.82920265197754,15.716264724731444,2.1129379272460938
39.936897559290216,-34.64924985522106,,,,,,,Gaia,LPV,O-rich Star,,,,,,,,,,,,,,,,,,,,,,17.24193000793457,18.28367042541504,16.20110511779785,2.0825653076171875
39.89334485116567,-34.620606811605825,,,,,,,Gaia,LPV,CStar,,,,,,,,,,,,,,,,,,,,,,17.18625259399414,18.46988677978516,16.11612319946289,2.3537635803222656
39.88244758960507,-34.61111140819935,,,,,,,Gaia,LPV,CStar,,,,,,,,,,,,,,,,,,,,,,17.48783302307129,18.754636764526367,16.312870025634766,2.4417667388916016
39.90574913275525,-34.607475335815735,,,,,,,Gaia,LPV,CStar,,,,,,,,,,,,,,,,,,,,,,17.86314582824707,19.64509391784668,16.657243728637695,2.9878501892089844
39.99318145887369,-34.60596417446071,,,,,,,Gaia,LPV,CStar,,,,,,,,,,,,,,,,,,,,,,17.2724552154541,18.512466430664062,16.18317413330078,2.329292297363281
40.03791120149019,-34.57770075932899,,,,,,,Gaia,LPV,CStar,,,,,,,,,,,,,,,,,,,,,,17.370431900024414,18.762426376342773,16.25776481628418,2.5046615600585938
40.04239592463811,-34.556069176383225,,,,,,,Gaia,LPV,O-rich Star,,,,,,,,,,,,,,,,,,,,,,18.57878875732422,20.06176376342773,17.259153366088867,2.802610397338867
39.97490767526717,-34.57343258429409,,,,,,,Gaia,LPV,CStar,,,,,,,,,,,,,,,,,,,,,,17.041833877563477,18.030311584472656,15.974681854248049,2.0556297302246094
40.022419551347134,-34.53837853513087,,,,,,,Gaia,LPV,CStar,,,,,,,,,,,,,,,,,,,,,,17.562259674072266,19.2146110534668,16.371091842651367,2.8435192108154297
40.011405024189216,-34.53024398800997,,,,,,,Gaia,LPV,CStar,,,,,,,,,,,,,,,,,,,,,,18.04664421081543,19.75118064880371,16.813791275024414,2.937389373779297
39.81024761069094,-34.661577142472495,,,,,,,Gaia,LPV,O-rich Star,,,,,,,,,,,,,,,,,,,,,,17.484094619750977,18.86266326904297,16.364294052124023,2.4983692169189453
39.85096605767006,-34.63412203625143,,,,,,,Gaia,LPV,O-rich Star,,,,,,,,,,,,,,,,,,,,,,17.244304656982422,18.32790946960449,16.214950561523438,2.1129589080810547
39.79478832603531,-34.65546527523712,154.13842192358317,,,,,,Gaia,LPV,O-rich Star,,,,,,,,,,,,,,,,,,,,,,17.673425674438477,18.92240333557129,16.514423370361328,2.407979965209961
39.83622552899607,-34.55084329994743,,,,,,,Gaia,LPV,O-rich Star,,,,,,,,,,,,,,,,,,,,,,17.46830177307129,18.73898124694824,16.23231315612793,2.5066680908203125
39.90291152140382,-34.50686860573554,,,,,,,Gaia,LPV,CStar,,,,,,,,,,,,,,,,,,,,,,18.084014892578125,19.61966323852539,16.897666931152344,2.721996307373047
39.95482590985826,-34.523280765442,,,,,,,Gaia,LPV,CStar,,,,,,,,,,,,,,,,,,,,,,17.23036766052246,18.328937530517575,16.20344352722168,2.1254940032958984
39.84551552890692,-34.469373398819016,,,,,,,Gaia,LPV,O-rich Star,,,,,,,,,,,,,,,,,,,,,,17.54813575744629,18.86776351928711,16.380172729492188,2.487590789794922
40.0651226890984,-34.56749194761692,,,,,,,Gaia,LPV,CStar,,,,,,,,,,,,,,,,,,,,,,17.525102615356445,19.06810188293457,16.370946884155273,2.697154998779297
40.04915724273989,-34.545950285580496,,,,,,,Gaia,LPV,CStar,,,,,,,,,,,,,,,,,,,,,,17.375703811645508,18.562009811401367,16.324989318847656,2.237020492553711
40.104396049972095,-34.482893007289,242.89877224711026,,,,,,Gaia,LPV,CStar,,,,,,,,,,,,,,,,,,,,,,17.433130264282227,18.71303367614746,16.34483528137207,2.36819839477539
40.13014515208489,-34.47894230912425,293.67939997218537,,,,,,Gaia,LPV,CStar,,,,,,,,,,,,,,,,,,,,,,18.138978958129883,19.543724060058597,16.897850036621094,2.6458740234375
40.06063648611157,-34.51139241738404,620.4712512553997,,,,,,Gaia,LPV,O-rich Star,,,,,,,,,,,,,,,,,,,,,,17.44195556640625,18.57191276550293,16.317983627319336,2.2539291381835938
40.05037793076209,-34.44041021996761,348.3844702520395,,,,,,Gaia,LPV,O-rich Star,,,,,,,,,,,,,,,,,,,,,,18.89887046813965,20.56273460388184,17.55263328552246,3.010101318359375
40.20853338671759,-34.43280273341249,171.47754588618054,,,,,,Gaia,LPV,O-rich Star,,,,,,,,,,,,,,,,,,,,,,17.357805252075195,18.60895347595215,16.283023834228516,2.325929641723633
40.0105138192953,-34.461830605586,260.3643081068696,,,,,,Gaia,LPV,CStar,,,,,,,,,,,,,,,,,,,,,,17.775310516357422,19.232702255249023,16.533824920654297,2.6988773345947266
40.023093323905904,-34.46200219054759,,,,,,,Gaia,LPV,O-rich Star,,,,,,,,,,,,,,,,,,,,,,17.46858787536621,18.787595748901367,16.366710662841797,2.4208850860595703
39.98004181907049,-34.424002415783185,,,,,,,Gaia,LPV,CStar,,,,,,,,,,,,,,,,,,,,,,17.276906967163086,18.639209747314453,16.172504425048828,2.466705322265625
39.99426705622715,-34.424429532258365,635.9638822600601,,,,,,Gaia,LPV,O-rich Star,,,,,,,,,,,,,,,,,,,,,,17.237165451049805,18.45497131347656,16.150625228881836,2.3043460845947266
40.02778962161231,-34.389517835968945,416.43665537121257,,,,,,Gaia,LPV,CStar,,,,,,,,,,,,,,,,,,,,,,17.935863494873047,19.797780990600582,16.643970489501953,3.153810501098633
40.00392262253681,-34.37868282476731,,,,,,,Gaia,LPV,CStar,,,,,,,,,,,,,,,,,,,,,,17.318870544433594,18.566085815429688,16.22053337097168,2.345552444458008
39.97760770246053,-34.37851831755331,,,,,,,Gaia,LPV,CStar,,,,,,,,,,,,,,,,,,,,,,17.430599212646484,18.643390655517575,16.37188148498535,2.2715091705322266
40.005697889485205,-34.338593163730465,,,,,,,Gaia,LPV,CStar,,,,,,,,,,,,,,,,,,,,,,17.41370964050293,18.647172927856445,16.34530258178711,2.301870346069336
40.07938989380027,-34.31293075903283,,,,,,,Gaia,LPV,O-rich Star,,,,,,,,,,,,,,,,,,,,,,17.41693687438965,18.727113723754883,16.306640625,2.420473098754883
40.362608013128174,-34.36875253541264,,,,,,,Gaia,LPV,O-rich Star,,,,,,,,,,,,,,,,,,,,,,17.52492904663086,18.77467918395996,16.431068420410156,2.3436107635498047
40.44164770835014,-34.29102506190015,,,,,,,Gaia,LPV,O-rich Star,,,,,,,,,,,,,,,,,,,,,,17.425012588500977,18.622169494628903,16.35325050354004,2.268918991088867
40.22219630406831,-34.20365916043136,243.82981612136518,,,,,,Gaia,LPV,O-rich Star,,,,,,,,,,,,,,,,,,,,,,17.89914894104004,18.98169708251953,16.645915985107422,2.3357810974121094
39.74291332552707,-34.53660538764293,203.29082852358746,,,,,,Gaia,LPV,CStar,,,,,,,,,,,,,,,,,,,,,,17.573246002197266,18.800655364990234,16.482255935668945,2.318399429321289
39.91919458319663,-34.33746082357777,163.27980828109654,,,,,,Gaia,LPV,CStar,,,,,,,,,,,,,,,,,,,,,,16.944231033325195,18.3942985534668,15.806978225708008,2.587320327758789
40.64235619691927,-33.76603543664327,541.6615975281364,,,,,,Gaia,LPV,O-rich Star,,,,,,,,,,,,,,,,,,,,,,9.19480037689209,11.784485816955566,7.745113372802734,4.039372444152832
